{
    "Environment": "PROD",
    "Account": "E45V",
    "OITServiceCounts": {
        "pollTasConsolStatus": 350,
        "getUSIncomeTax": 25,
        "pollComputeStatus": 20,
        "getBinderDetails": 15,
        "getBinderModules": 10,
        "binderInitializations": 10,
        "getBinderSummary": 10,
        "getTaxReturnEvents": 10,
        "getBinderYears": 10,
        "getBinderTags": 10,
        "getWorkareas": 10,
        "getUserBinders": 5,
        "getWorkingTrialBalanceForms": 5
    },
    "PD1": {
        "BASEURL": "https://qa.onesourcetax.com",
        "OTWBASEURL": "https://pd-organizertoweb-use1-aws.tax.nonprod.thomsonreuters.com/api/v3",
        "WORKPAPERURL": "https://workpapers-origin-web-pd-use1-aws.tax.nonprod.int.thomsonreuters.com/api",
        "SESSIONSERVICE": "http://localhost:9200/otw/keepalive",
        "GOSYSUTILSVCURL": "http://rsb-gosysutilitysvc-pd-use1-aws.tax.nonprod.int.thomsonreuters.com",
        "APPSELECTORURL": "https://appserverselector-pd-use1-aws.tax.nonprod.int.thomsonreuters.com",
        "runenv": "oit",
        "authenv": "qa",
        "username": "TESTAUTO_E45V_6_PD1",
        "password": "PerfTester#2",
        "workareaId": "WS",
        "credentialFile": "OIT_PD1_E2EScenarioData_NewSetup_1.csv",
        "largeConsolFile": "pd1_1120_BigConsolidations.csv",
        "efileErrorCheckFile": "",
        "printDataFile": "",
        "otwConsoldataFile": "",
        "CookieBlobFile": "CookieBlobGen_Load_PD1.csv",
        "user": {
            "username": "TESTAUTO_E45V_6_PD1",
            "password": "PerfTester#2"
        }
    },
    "PD2": {
        "BASEURL": "https://qa.onesourcetax.com",
        "OTWBASEURL": "https://pd-organizertoweb.int.thomsonreuters.com/api",
        "WORKPAPERURL": "https://workpapers-origin-web-pd-use1-aws.tax.nonprod.int.thomsonreuters.com/api",
        "SESSIONSERVICE": "http://localhost:9200/otw/keepalive",
        "runenv": "oit2",
        "authenv": "qa",
        "username": "brian.vs1",
        "password": "Password#13",
        "workareaId": "04",
        "credentialFile": "pd2_1120_OITUserFile.csv",
        "efileFile": "DisneyEFileBinders.csv",
        "largeConsolFile": "",
        "efileErrorCheckFile": "",
        "printDataFile": "",
        "otwConsoldataFile": "",
        "CookieBlobFile": "CookieBlobGen_Load_PD1.csv",
        "user": {
            "username": "U6013255_TTAX_PD1",
            "password": "AutoTester#2"
        }
    },
    "SAT": {
        "BASEURL": "https://sat.onesourcetax.com",
        "OTWBASEURL": "https://sat-organizertoweb-use1-aws.tax.nonprod.thomsonreuters.com/api",
        "SESSIONSERVICE": "http://localhost:9200/otw/keepalive",
        "WORKPAPERURL": "",
        "runenv": "oit",
        "authenv": "sat",
        "password": "PerfTester_oit#22",
        "workareaId": "X0",
        "credentialFile": "sat_1120_OITUserFile_withBinderIds.csv",
        "efileFile": "sat_1120_OITUserFile_withBinderIds.csv",
        "largeConsolFile": "",
        "efileErrorCheckFile": "",
        "printDataFile": "",
        "otwConsoldataFile": "",
        "CookieBlobFile": "CookieBlobGen_Load_SAT.csv",
        "user": {
            "username": "U6013255_TTAX_SAT",
            "password": "AutoTester#2"
        }
    },
    "PROD": {
        "BASEURL": "https://www.onesourcetax.com",
        "OTWBASEURL": "https://dc-organizertoweb.fasttax.com/api/v3",
        "SESSIONSERVICE": "http://localhost:9200/otw/keepalive",
        "GOSYSUTILSVCURL": "https://rsb-gosysutilitysvc-dc-use1-aws.tax.prod.int.thomsonreuters.com",
        "APPSELECTORURL": "https://gst-oit-appselector-dc-use1-aws.tax.prod.int.thomsonreuters.com",
        "WORKPAPERURL": "",
        "runenv": "oit",
        "authenv": "amer1",
        "username": "Automation_E45V_001",
        "password": "PerfTester#5",
        "workareaId": "04",
        "credentialFile": "OIT_PROD_E2EScenarioData_NewSetup_1.csv",
        "osaDataFile": "osaDataFile.csv",
        "largeConsolFile": "prod_1120_BigConsolidations.csv",
        "efileErrorCheckFile": "prod_dis_eFileErrorCheck.csv",
        "printDataFile": "prod_dis_webPrint.csv",
        "otwConsoldataFile": "prod_dis_otwConsol.csv",
        "CookieBlobFile": "CookieBlobGen_Load_PROD.csv",
        "user": {
            "username": "Automation_E45V_001",
            "password": "PerfTester#5"
        }
    },
    "GRSAWSPROD": {
        "BASEURL": "https://www.onesourcetax.com",
        "OTWBASEURL": "https://dc-organizertoweb.fasttax.com/api/v3",
        "SESSIONSERVICE": "http://localhost:9200/otw/keepalive",
        "runenv": "oitawsd",
        "authenv": "amer1",
        "username": "perf_dc_518k_10",
        "password": "Password#13",
        "workareaId": "MB",
        "credentialFile": "GST_PROD_E2EScenarioData_New.csv",
        "GETGOSYSUTILSVCURL": "https://rsb-gosysutilitysvc-dc-use1-aws.tax.prod.int.thomsonreuters.com",
        "APPSELECTORURL": "https://gst-oit-appselector-dc-use1-aws.tax.prod.int.thomsonreuters.com",
        "locatorData": "GST_Locator1120_2019.csv",
        "largeConsolFile": "",
        "printDataFile": "",
        "otwConsoldataFile": ""
    },
    "simpleHeaders": {
        "Accept": "*/*",
        "Content-Type": "application/json"
    },
    "GRSPD1": {
        "BASEURL": "https://qa.onesourcetax.com",
        "OTWBASEURL": "https://pd-organizertoweb-use1-aws.tax.nonprod.thomsonreuters.com/api/v3",
        "SESSIONSERVICE": "http://localhost:9200/otw/keepalive",
        "runenv": "oit",
        "authenv": "qa",
        "username": "LeapfrogAutomation25",
        "password": "Password#12",
        "workareaId": "WS",
        "credentialFile": "PD1_GSTData.csv",
        "GETGOSYSUTILSVCURL": "http://rsb-gosysutilitysvc-pd-use1-aws.tax.nonprod.int.thomsonreuters.com",
        "APPSELECTORURL": "https://appserverselector-pd-use1-aws.tax.nonprod.int.thomsonreuters.com",
        "locatorData": "",
        "largeConsolFile": "",
        "printDataFile": "",
        "otwConsoldataFile": ""
    }
}