{
    "udsLongToken": {
        "name": "udsLongToken",
        "method": "POST",
        "baseUrl": "BASEURL/${authenv}/home-security/api/security/v1/sessions/fromusermodel/",
        "dynamicValues": {},
        "jsonResult": false,
        "resultCollection": [],
        "statusExpected": "200",
        "selFromResponse": null,
        "hardstop": true
    },
    "organizerdata": {
        "name": "organizerdata",
        "method": "GET",
        "baseUrl": "OTWBASEURL/organizerdata/${area}/${screen}/?level=0&group=0,0,0,0,0",
        "dynamicValues": {
            "area": "",
            "screen": ""
        },
        "jsonResult": false,
        "resultCollection": [],
        "statusExpected": "200",
        "selFromResponse": null,
        "hardstop": true
    },
    "updateScreenData": {
        "name": "updateScreenData",
        "method": "PUT",
        "baseUrl": "OTWBASEURL/screen/${area}/${screen}/?level=0&group=0,0,0,0,0",
        "dynamicValues": {
            "area": "",
            "screen": ""
        },
        "jsonResult": false,
        "resultCollection": [],
        "statusExpected": "200",
        "selFromResponse": null,
        "hardstop": true
    },
    "getAccountInfo": {
        "name": "getAccountInfo",
        "method": "GET",
        "baseUrl": "BASEURL/${authenv}/home-accountservice/api/v1/accounts",
        "dynamicValues": {},
        "jsonResult": false,
        "resultCollection": [],
        "statusExpected": "200",
        "selFromResponse": null,
        "hardstop": false
    },
    "workareas": {
        "name": "workareas",
        "method": "GET",
        "baseUrl": "BASEURL/${runenv}/oit-binder/v1/workareas",
        "dynamicValues": {},
        "jsonResult": true,
        "statusExpected": "200",
        "selFromResponse": "$..workarea[?(@.workareaName.indexOf(\"PERFORMANCE\")>-1)]",
        "hardstop": false
    },
    "topConBinders": {
        "name": "topConBinders",
        "method": "GET",
        "baseUrl": "BASEURL/${runenv}/oit-binder/v1/binderSummaries?includeTags=true&limit=999999&offset=0&workAreaId=${workareaID}&years=${year}",
        "dynamicValues": {
            "workAreaID": "",
            "year": "",
            "entityTypeId": "",
            "binderTaxReturnType": ""
        },
        "jsonResult": true,
        "statusExpected": "200",
        "selFromResponse": "$..bindersummary[?(@.binderTaxReturnType==\"${binderTaxReturnType}\" && @.entityTypeId==\"${entityTypeId}\")]",
        "hardstop": false
    },
    "binderSummaries": {
        "name": "binderSummaries",
        "method": "GET",
        "baseUrl": "BASEURL/${runenv}/oit-binder/v1/binderSummaries?includeTags=true&limit=999999&offset=0&workAreaId=${workareaID}&years=2020&years=2019&years=2018",
        "dynamicValues": {
            "workAreaID": ""
        },
        "jsonResult": true,
        "statusExpected": "200",
        "selFromResponse": "$..bindersummary[?(@.binderTaxReturnType==\"1120\")]",
        "hardstop": false
    },
    "tasConsolidate": {
        "name": "tasConsolidate",
        "method": "POST",
        "baseUrl": "BASEURL/${runenv}/oit-binder/binders/${binderId}/taxConsolidate",
        "dynamicValues": {
            "binderId": ""
        },
        "jsonResult": false,
        "statusExpected": "200",
        "selFromResponse": null,
        "hardstop": true
    },
    "tasCompute": {
        "name": "tasCompute",
        "method": "POST",
        "baseUrl": "BASEURL/${runenv}/oit-binder/binders/${binderId}/refreshHistory/false/refreshEntityInfo/false/taxCompute",
        "dynamicValues": {
            "binderId": ""
        },
        "jsonResult": false,
        "statusExpected": "200",
        "selFromResponse": null,
        "hardstop": true
    },
    "computeStatus": {
        "name": "computeStatus",
        "method": "GET",
        "baseUrl": "BASEURL/${runenv}/oit-binder/v1/binders/${binderId}/computeStatuses",
        "dynamicValues": {
            "binderId": ""
        },
        "jsonResult": true,
        "statusExpected": "200",
        "selFromResponse": null,
        "hardstop": false
    },
    "consolidationStatus": {
        "name": "consolidationStatus",
        "method": "GET",
        "baseUrl": "BASEURL/${runenv}/oit-binder/v1/binders/${binderId}/consolidationStatuses",
        "dynamicValues": {
            "binderId": ""
        },
        "jsonResult": true,
        "statusExpected": "200",
        "selFromResponse": "$..binderconsolidationstatuses[?(@.statusCode!=4 || @.statusCode!=-7)]",
        "hardstop": false
    },
    "fcoaCharts": {
        "name": "fcoaCharts",
        "method": "GET",
        "baseUrl": "BASEURL/${runenv}/oit-chart/v1/fcoaCharts",
        "dynamicValues": {},
        "jsonResult": true,
        "statusExpected": "200",
        "selFromResponse": "$..fcoachart[?(@.year==2018 && @.chartName==\"AutomationChart_FCOA\")]",
        "hardstop": false
    },
    "chartAssignments": {
        "name": "chartAssignments",
        "method": "GET",
        "baseUrl": "BASEURL/${runenv}/oit-binder/v1/binders/${binderId}/chartAssignments",
        "dynamicValues": {
            "binderId": ""
        },
        "jsonResult": true,
        "statusExpected": "200,204",
        "selFromResponse": null,
        "hardstop": false
    },
    "tccCharts": {
        "name": "tccCharts",
        "method": "GET",
        "baseUrl": "BASEURL/${runenv}/oit-chart/v1/tccCharts",
        "dynamicValues": {
            "chartName": ""
        },
        "jsonResult": true,
        "statusExpected": "200",
        "selFromResponse": "$..tccChart[?(@.year==2018 && @.chartName==\"AutomationChart_TCC\")]",
        "hardstop": false
    },
    "fedChartAssignments": {
        "name": "fedChartAssignments",
        "method": "GET",
        "baseUrl": "BASEURL/${runenv}/oit-binder/v1/binders/${binderId}/chartAssignments/federalChartAssignment",
        "dynamicValues": {
            "binderId": ""
        },
        "jsonResult": true,
        "statusExpected": "200",
        "selFromResponse": null,
        "hardstop": false
    },
    "binderAdjustmentsDomestic": {
        "name": "binderAdjustmentsDomestic",
        "method": "GET",
        "baseUrl": "BASEURL/${runenv}/oit-binder/binders/${binderId}/BinderAdjustmentsDomestic?level=99",
        "dynamicValues": {
            "binderId": ""
        },
        "jsonResult": true,
        "statusExpected": "200",
        "selFromResponse": null,
        "hardstop": false
    },
    "binderPreliminaryBalances": {
        "name": "binderPreliminaryBalances",
        "method": "GET",
        "baseUrl": "BASEURL/${runenv}/oit-binder/v1/binders/${binderId}/preliminaryBalances",
        "dynamicValues": {
            "binderId": ""
        },
        "jsonResult": true,
        "statusExpected": "200",
        "selFromResponse": "$..binderpreliminarybalances",
        "hardstop": false
    },
    "updateBinderPreliminaryBalances": {
        "name": "updateBinderPreliminaryBalances",
        "method": "GET",
        "baseUrl": "BASEURL/${runenv}/oit-binder/v1/binders/${binderId}/preliminaryBalances",
        "dynamicValues": {
            "binderId": ""
        },
        "jsonResult": false,
        "statusExpected": "200",
        "selFromResponse": null,
        "hardstop": false
    },
    "resetBinderPreliminaryBalances": {
        "name": "resetBinderPreliminaryBalances",
        "method": "GET",
        "baseUrl": "BASEURL/${runenv}/oit-binder/v1/binders/${binderId}/preliminaryBalanceResets",
        "dynamicValues": {
            "binderId": ""
        },
        "jsonResult": false,
        "statusExpected": "200",
        "selFromResponse": null,
        "hardstop": false
    },
    "binderAdjustments": {
        "name": "binderAdjustments",
        "method": "GET",
        "baseUrl": "BASEURL/${runenv}/oit-binder/v1/binders/${binderId}/adjustments",
        "dynamicValues": {
            "binderId": ""
        },
        "jsonResult": true,
        "statusExpected": "200",
        "selFromResponse": null,
        "hardstop": false
    },
    "updateBinderAdjustments": {
        "name": "updateBinderAdjustments",
        "method": "POST",
        "baseUrl": "BASEURL/${runenv}/oit-binder/v1/binders/${binderId}/adjustments",
        "dynamicValues": {
            "binderId": ""
        },
        "jsonResult": false,
        "statusExpected": "200,207",
        "selFromResponse": null
    },
    "resetBinderAdjustments": {
        "name": "resetBinderAdjustments",
        "method": "POST",
        "baseUrl": "BASEURL/${runenv}/oit-binder/v1/binders/${binderId}/adjustmentResets",
        "dynamicValues": {
            "binderId": ""
        },
        "jsonResult": false,
        "statusExpected": "200",
        "selFromResponse": null,
        "hardstop": false
    },
    "wtbWorkpaper": {
        "name": "wtbWorkpaper",
        "method": "GET",
        "baseUrl": "BASEURL/${runenv}/oit-workpaper/binders/${binderId}/workpapers/wtbFiveLevelViewWorkpaper/sheets/Sheet1?currencyType=Local%20Currency&currencyId=2&internationalFormId=5471&formId=Schedule%20C&showAllAccounts=true",
        "dynamicValues": {
            "binderId": ""
        },
        "jsonResult": false,
        "statusExpected": "200",
        "selFromResponse": null,
        "hardstop": false
    },
    "cookieBlob": {
        "name": "cookieBlob",
        "method": "GET",
        "baseUrl": "BASEURL/${runenv}/oit-organizerintegration/organizer/cookieBlob/${binderId}?companyNo=XYZTOP&taxType=${binderTaxReturnType}&taxYear=${year}",
        "dynamicValues": {
            "binderId": "",
            "binderTaxReturnType": "",
            "year": ""
        },
        "jsonResult": true,
        "statusExpected": "200",
        "selFromResponse": "$.encryptedString",
        "hardstop": true
    },
    "openLocator": {
        "name": "openLocator",
        "method": "GET",
        "baseUrl": "OTWBASEURL/locator/tryopen?commandLine=${openToken}&locatoryear=${year}&isOneSource=${isOneSource}&deviceId=8OoUn4ub0mJ94xReoXzJ6diIc-DX9Tctdoo-QTwR&clientWindowId=7219660445502",
        "dynamicValues": {
            "openToken": "",
            "isOneSource": "",
            "year": ""
        },
        "jsonResult": true,
        "statusExpected": "200",
        "selFromResponse": null,
        "hardstop": true
    },
    "keepAlive": {
        "name": "keepAlive",
        "method": "GET",
        "baseUrl": "OTWBASEURL/locator/keepalive",
        "dynamicValues": {},
        "jsonResult": false,
        "statusExpected": "200,400",
        "selFromResponse": null,
        "timeout": 1200000,
        "hardstop": false
    },
    "fullRecompute": {
        "name": "fullRecompute",
        "method": "POST",
        "baseUrl": "OTWBASEURL/fullcompute",
        "dynamicValues": {},
        "jsonResult": false,
        "statusExpected": "200",
        "selFromResponse": null,
        "hardstop": false
    },
    "otwBusyStatus": {
        "name": "otwBusyStatus",
        "method": "GET",
        "baseUrl": "OTWBASEURL/locator/busystatus",
        "dynamicValues": {},
        "jsonResult": false,
        "statusExpected": "200",
        "selFromResponse": null,
        "hardstop": false
    },
    "printReturn": {
        "name": "printReturn",
        "method": "GET",
        "baseUrl": "OTWBASEURL/print/prw/pdf/0/${area}/P/true/?pdfFileName=${pdfFileName}&description=Create%20New%20Print%20File%3AAll%20Returns&printOnly=false&k1SeparatePackage=0&nodeSelectionDescription=1120%2FAll%20Returns&ignoreK1Prefix=false&redactText=false&gfrDocId=&ssrRefreshToken=",
        "dynamicValues": {
            "pdfFileName": "",
            "area": ""
        },
        "jsonResult": false,
        "statusExpected": "200",
        "selFromResponse": null,
        "hardstop": true
    },
    "GetBookmarks": {
        "name": "GetBookmarks",
        "method": "GET",
        "baseUrl": "OTWBASEURL/printpreview/getpdfbookmarks?jobId=${jobId}&svgPreview=undefined",
        "dynamicValues": {
            "jobId": ""
        },
        "jsonResult": false,
        "statusExpected": "200",
        "selFromResponse": null,
        "hardstop": false
    },
    "setSelectedBookmarks": {
        "name": "setSelectedBookmarks",
        "method": "GET",
        "baseUrl": "OTWBASEURL/printpreview/setSelectedBookmarkByPageNumber?pageNumber=1&lastPageVisted=1&jobId=${jobId}&svgPreview=undefined",
        "dynamicValues": {
            "jobId": ""
        },
        "jsonResult": false,
        "statusExpected": "200",
        "selFromResponse": null,
        "hardstop": false
    },
    "SetChildBookmarks": {
        "name": "SetChildBookmarks",
        "method": "GET",
        "baseUrl": "OTWBASEURL/printpreview/getChildsBookmarksByParentId?parentId=1&jobId=${jobId}&svgPreview=undefined",
        "dynamicValues": {
            "jobId": ""
        },
        "jsonResult": false,
        "statusExpected": "200",
        "selFromResponse": null,
        "hardstop": false
    },
    "PdfPreview": {
        "name": "PdfPreview",
        "method": "GET",
        "baseUrl": "OTWBASEURL/printpreview/getPdfpage?authToken=${AuthToken}&jobId=${jobId}&pageNumber=1",
        "dynamicValues": {
            "AuthToken": "",
            "jobId": ""
        },
        "jsonResult": false,
        "statusExpected": "200",
        "selFromResponse": null,
        "hardstop": false
    },
    "PreviewRefresh": {
        "name": "PreviewRefresh",
        "method": "GET",
        "baseUrl": "OTWBASEURL/print/printPreviewRefresh?jobId=${jobId}",
        "dynamicValues": {
            "jobId": ""
        },
        "jsonResult": false,
        "statusExpected": "200",
        "selFromResponse": null,
        "hardstop": false
    },
    "printJobStatus": {
        "name": "printJobStatus",
        "method": "GET",
        "baseUrl": "OTWBASEURL/print/getprintjob?jobId=${JobId}",
        "dynamicValues": {
            "JobId": ""
        },
        "jsonResult": true,
        "statusExpected": "200",
        "selFromResponse": null,
        "timeout": 1200000,
        "hardstop": false
    },
    "printJobHistory": {
        "name": "printJobHistory",
        "method": "GET",
        "baseUrl": "OTWBASEURL/print/getjobhistory/?locator=${locatorId}&maxRows=20",
        "dynamicValues": {
            "locatorId": ""
        },
        "jsonResult": true,
        "statusExpected": "200",
        "selFromResponse": null,
        "hardstop": false
    },
    "closeLocator": {
        "name": "closeLocator",
        "method": "GET",
        "baseUrl": "OTWBASEURL/locator/close",
        "dynamicValues": {},
        "jsonResult": false,
        "statusExpected": "200,500",
        "selFromResponse": null,
        "hardstop": false
    },
    "getScreenData": {
        "name": "getScreenData",
        "method": "GET",
        "baseUrl": "OTWBASEURL/organizerdata/${area}/${screen}/?level=0&group=0,0,0,0,0",
        "dynamicValues": {
            "area": "49",
            "screen": "7"
        },
        "jsonResult": true,
        "statusExpected": "200",
        "selFromResponse": null,
        "hardstop": true
    },
    "getGridData": {
        "name": "getGridData",
        "method": "GET",
        "baseUrl": "OTWBASEURL/organizerdata/${area}/${screen}/grids/12/",
        "dynamicValues": {},
        "jsonResult": true,
        "statusExpected": "200",
        "selFromResponse": null,
        "hardstop": false
    },
    "executeCommand": {
        "name": "executeCommand",
        "method": "POST",
        "baseUrl": "OTWBASEURL/script/${area}/${screen}/${field}/executecommand/${command1}/0",
        "dynamicValues": {
            "area": "49",
            "screen": "7",
            "field": "9",
            "command1": "0"
        },
        "jsonResult": false,
        "statusExpected": "200",
        "selFromResponse": null,
        "hardstop": false
    },
    "navtree": {
        "name": "navtree",
        "method": "GET",
        "baseUrl": "OTWBASEURL/navtree/NodeSiblings/${area}/${screen}?level=0&group=0,0,0,0,0",
        "dynamicValues": {
            "area": "",
            "screen": ""
        },
        "jsonResult": false,
        "statusExpected": "200",
        "selFromResponse": null,
        "hardstop": false
    },
    "messageBox": {
        "name": "messageBox",
        "method": "PUT",
        "baseUrl": "OTWBASEURL/locator/msgbox?response=1",
        "dynamicValues": {},
        "jsonResult": false,
        "statusExpected": "500,200",
        "selFromResponse": null,
        "hardstop": false
    },
    "EfileErrorCheck": {
        "name": "EfileErrorCheck",
        "method": "GET",
        "baseUrl": "OTWBASEURL/script/status/false",
        "dynamicValues": {},
        "jsonResult": false,
        "statusExpected": "200",
        "selFromResponse": null,
        "hardstop": false
    },
    "otwPollBusyStatus": {
        "name": "otwPollBusyStatus",
        "method": "GET",
        "baseUrl": "OTWBASEURL/locator/busystatus",
        "dynamicValues": {},
        "jsonResult": true,
        "statusExpected": "200",
        "selFromResponse": "$.*",
        "hardstop": false
    },
    "otwScreenData": {
        "name": "otwScreenData",
        "method": "GET",
        "baseUrl": "OTWBASEURL/organizerdata/${area}/${screen}/?level=0&group=0,0,0,0,0",
        "dynamicValues": {
            "area": "",
            "screen": ""
        },
        "jsonResult": true,
        "statusExpected": "200",
        "selFromResponse": null,
        "hardstop": false
    },
    "autoComputeOff": {
        "name": "autoComputeOff",
        "method": "PUT",
        "baseUrl": "OTWBASEURL/state/autocompute?state=false",
        "dynamicValues": {},
        "jsonResult": false,
        "statusExpected": "200",
        "selFromResponse": null,
        "hardstop": false
    },
    "isLocatorDirty": {
        "name": "isLocatorDirty",
        "method": "GET",
        "baseUrl": "OTWBASEURL/printpreview/isLocatorIsDirty?taxYear=${taxYear}&taxApp=${taxApp}&jobId=${jobId}",
        "dynamicValues": {
            "taxYear": "",
            "taxApp": "",
            "jobId": ""
        },
        "jsonResult": false,
        "statusExpected": "200",
        "selFromResponse": null,
        "hardstop": false
    },
    "getPrintPreviewPage": {
        "name": "getPrintPreviewPage",
        "method": "GET",
        "baseUrl": "OTWBASEURL/printpreview/getpage",
        "dynamicValues": {},
        "jsonResult": false,
        "statusExpected": "200",
        "selFromResponse": null,
        "hardstop": false
    },
    "bulkGet": {
        "name": "bulkGet",
        "method": "POST",
        "baseUrl": "OTWBASEURL/organizerdata/BulkGetData",
        "dynamicValues": {},
        "jsonResult": false,
        "statusExpected": "200",
        "selFromResponse": null,
        "hardstop": false,
        "timeout": 60000
    },
    "bulkPut": {
        "name": "bulkPut",
        "method": "POST",
        "baseUrl": "OTWBASEURL/organizerdata/BulkPutData",
        "dynamicValues": {},
        "jsonResult": false,
        "statusExpected": "200",
        "selFromResponse": null,
        "hardstop": false,
        "timeout": 60000
    },
    "gstOpenToken": {
        "name": "gstOpenToken",
        "method": "GET",
        "baseUrl": "GOSYSUTILSVCURL/GoSysUtilitySvc/api/Token/getOpenToken/nehap/ft/ftsupport",
        "dynamicValues": {},
        "jsonResult": false,
        "statusExpected": "200",
        "selFromResponse": null,
        "hardstop": true
    },
    "gstAppSelector": {
        "name": "gstAppSelector",
        "method": "GET",
        "baseUrl": "APPSELECTORURL/AppServerSelector/${locator}/GRS${taxApp}_${yearLast2}",
        "dynamicValues": {
            "locator": "",
            "taxApp": "",
            "yearLast2": ""
        },
        "jsonResult": true,
        "statusExpected": "200",
        "selFromResponse": null,
        "hardstop": true
    },
    "gstCookieBlob": {
        "name": "gstCookieBlob",
        "method": "POST",
        "baseUrl": "GOSYSUTILSVCURL/GoSysUtilitySvc/api/TaxReturns/cookieBlob/Get",
        "dynamicValues": {},
        "jsonResult": true,
        "statusExpected": "200",
        "selFromResponse": null,
        "hardstop": true
    },
    "getPingSamlToken": {
        "name": "getPingSamlToken",
        "method": "GET",
        "baseUrl": "https://oit-workpapers-cr-metaweb-api-dev-aws.tax.nonprod.int.thomsonreuters.com/api/admin/TokenGenerator/${account}/${username}/${environment}/TRUE",
        "dynamicValues": {
            "username": "",
            "account": "",
            "environment": ""
        },
        "jsonResult": false,
        "statusExpected": "200",
        "selFromResponse": null,
        "hardstop": true
    },
    "pullDataFromWorkpapers": {
        "name": "pullDataFromWorkpapers",
        "method": "GET",
        "baseUrl": "WORKPAPERURL/v1/workpapermanager/products/14/pull",
        "dynamicValues": {
            "username": "",
            "account": "",
            "environment": ""
        },
        "jsonResult": false,
        "statusExpected": "200",
        "selFromResponse": null,
        "hardstop": true
    },
    "diagnostics": {
        "name": "diagnostics",
        "method": "GET",
        "baseUrl": "OTWBASEURL/diagnostics/Diagnostics",
        "dynamicValues": {},
        "jsonResult": true,
        "statusExpected": "200",
        "selFromResponse": null,
        "hardstop": true
    },
    "usIncomeTax": {
        "name": "usIncomeTax",
        "method": "GET",
        "baseUrl": "BASEURL/${runenv}/oit-binder/usIncomeTax",
        "dynamicValues": {},
        "jsonResult": true,
        "statusExpected": "200",
        "selFromResponse": null,
        "hardstop": false
    },
    "userBinders": {
        "name": "userBinders",
        "method": "GET",
        "baseUrl": "BASEURL/${runenv}/oit-binder/userBinders",
        "dynamicValues": {},
        "jsonResult": true,
        "statusExpected": "200,204",
        "selFromResponse": null,
        "hardstop": false
    },
    "platformEntitiesSummary": {
        "name": "platformEntitiesSummary",
        "method": "GET",
        "baseUrl": "BASEURL/${runenv}/oit-binder/v1/platformEntitiesSummary",
        "dynamicValues": {},
        "jsonResult": true,
        "statusExpected": "200",
        "selFromResponse": null,
        "hardstop": false
    },
    "commonEntityBetaAccounts": {
        "name": "commonEntityBetaAccounts",
        "method": "GET",
        "baseUrl": "BASEURL/${runenv}/oit-systemdata/v1/applicationConfigurations/CommonEntityBetaAccounts",
        "dynamicValues": {},
        "jsonResult": true,
        "statusExpected": "200",
        "selFromResponse": null,
        "hardstop": false
    },
    "binderYears": {
        "name": "binderYears",
        "method": "GET",
        "baseUrl": "BASEURL/${runenv}/oit-binder/binderYears",
        "dynamicValues": {},
        "jsonResult": true,
        "statusExpected": "200",
        "selFromResponse": null,
        "hardstop": false
    },
    "availableTaxYear": {
        "name": "availableTaxYear",
        "method": "GET",
        "baseUrl": "BASEURL/${runenv}/oit-systemdata/availableTaxYear",
        "dynamicValues": {},
        "jsonResult": true,
        "statusExpected": "200",
        "selFromResponse": null,
        "hardstop": false
    },
    "binderTags": {
        "name": "binderTags",
        "method": "GET",
        "baseUrl": "BASEURL/${runenv}/oit-binder/workareas/${workAreaID}/tags",
        "dynamicValues": {
            "workAreaID": ""
        },
        "jsonResult": true,
        "statusExpected": "200",
        "selFromResponse": null,
        "hardstop": false
    },
    "eFileWorkpaper": {
        "name": "eFileWorkpaper",
        "method": "GET",
        "baseUrl": "BASEURL/${runenv}/oit-workpaper/efile/workpapers/eFileViewerWorkpaper/sheets/Sheet1?binderId=${binderId}",
        "dynamicValues": {
            "binderId": ""
        },
        "jsonResult": true,
        "statusExpected": "200",
        "selFromResponse": null,
        "hardstop": false
    },
    "binderGroupYears": {
        "name": "binderGroupYears",
        "method": "GET",
        "baseUrl": "BASEURL/${runenv}/oit-binder/v1/binderGroupYears",
        "dynamicValues": {},
        "jsonResult": true,
        "statusExpected": "200",
        "selFromResponse": null,
        "hardstop": false
    },
    "batchSummaries": {
        "name": "batchSummaries",
        "method": "GET",
        "baseUrl": "BASEURL/${runenv}/oit-binder/binderYears/${year}/batchSummaries",
        "dynamicValues": {
            "year": ""
        },
        "jsonResult": true,
        "statusExpected": "200,204",
        "selFromResponse": null,
        "hardstop": false
    },
    "eFileStatus": {
        "name": "eFileStatus",
        "method": "GET",
        "baseUrl": "BASEURL/${runenv}/oit-efile/v1/years/${year}/eFileStatusEvents",
        "dynamicValues": {
            "year": ""
        },
        "jsonResult": true,
        "statusExpected": "200,204",
        "selFromResponse": null,
        "hardstop": false
    },
    "scheduleM3Chart": {
        "name": "scheduleM3Chart",
        "method": "GET",
        "baseUrl": "BASEURL/${runenv}/oit-chart/years/${year}/taxReturnTypes/${taxReturnType}/charts/ScheduleM3Chart",
        "dynamicValues": {
            "year": "",
            "taxReturnType": ""
        },
        "jsonResult": true,
        "statusExpected": "200",
        "selFromResponse": null,
        "hardstop": false
    },
    "DCPoolstatus": {
        "name": "DCPoolstatus",
        "method": "GET",
        "baseUrl": "BASEURL/${runenv}/oit-binder/v1/years/${year}/tax-return-statuses?processes=${processesID}",
        "dynamicValues": {
            "processesID": "",
            "year": ""
        },
        "jsonResult": true,
        "resultCollection": [],
        "statusExpected": "200",
        "selFromResponse": null,
        "hardstop": false
    },
    "DcImport": {
        "name": "DcImport",
        "method": "POST",
        "baseUrl": "BASEURL/${runenv}/oit-binder/v1/binderId/${binderId}/tax-returns-events/Import",
        "dynamicValues": {
            "binderId": ""
        },
        "jsonResult": true,
        "statusExpected": "200",
        "selFromResponse": null,
        "hardstop": true
    },
    "DcExport": {
        "name": "DcExport",
        "method": "POST",
        "baseUrl": "BASEURL/${runenv}/oit-binder/v1/binderId/${binderId}/tax-returns-events/Export",
        "dynamicValues": {
            "binderId": ""
        },
        "jsonResult": false,
        "resultCollection": [],
        "statusExpected": "200",
        "selFromResponse": null,
        "hardstop": true
    },
    "binderSummary": {
        "name": "binderSummary",
        "method": "GET",
        "baseUrl": "BASEURL/${runenv}/oit-binder/v1/binderSummaries/${binderId}",
        "dynamicValues": {
            "binderId": ""
        },
        "jsonResult": true,
        "statusExpected": "200",
        "selFromResponse": null,
        "hardstop": false
    },
    "binderDetails": {
        "name": "binderDetails",
        "method": "GET",
        "baseUrl": "BASEURL/${runenv}/oit-binder/v1/binders/${binderId}",
        "dynamicValues": {
            "binderId": ""
        },
        "jsonResult": true,
        "statusExpected": "200",
        "selFromResponse": null,
        "hardstop": false
    },
    "entities": {
        "name": "entities",
        "method": "GET",
        "baseUrl": "BASEURL/${runenv}/oit-workpaper/entities/${workAreaID}/workpapers/entitiesListWorkpaper/sheets/Sheet1?",
        "dynamicValues": {
            "workAreaID": ""
        },
        "jsonResult": true,
        "statusExpected": "200",
        "selFromResponse": "$..workareaentity",
        "hardstop": false
    },
    "binderModules": {
        "name": "binderModules",
        "method": "GET",
        "baseUrl": "BASEURL/${runenv}/oit-binder/binders/${binderId}/binderModules",
        "dynamicValues": {
            "binderId": ""
        },
        "jsonResult": true,
        "statusExpected": "200",
        "selFromResponse": "$..binderModule",
        "hardstop": false
    },
    "binderInitializations": {
        "name": "binderInitializations",
        "method": "POST",
        "baseUrl": "BASEURL/${runenv}/oit-binder/binderInitializations/${binderId}",
        "dynamicValues": {
            "binderId": ""
        },
        "jsonResult": true,
        "statusExpected": "200",
        "selFromResponse": null,
        "hardstop": false
    },
    "taxReturnEvents": {
        "name": "taxReturnEvents",
        "method": "GET",
        "baseUrl": "BASEURL/${runenv}/oit-binder/binders/${binderId}/taxReturnEvents",
        "dynamicValues": {
            "binderId": ""
        },
        "jsonResult": true,
        "statusExpected": "200",
        "selFromResponse": "$..taxReturnEvent",
        "hardstop": false
    },
    "workingTrialBalanceForms": {
        "name": "workingTrialBalanceForms",
        "method": "GET",
        "baseUrl": "BASEURL/${runenv}/oit-binder/v1/binders/${binderId}/workingTrialBalanceForms",
        "dynamicValues": {
            "binderId": ""
        },
        "jsonResult": true,
        "statusExpected": "200",
        "selFromResponse": null,
        "hardstop": false
    },
    "workingTrialBalance": {
        "name": "workingTrialBalance",
        "method": "GET",
        "baseUrl": "BASEURL/${runenv}/oit-binder/v1/binders/${binderId}/workingTrialBalanceForms/${formId}",
        "dynamicValues": {
            "binderId": "",
            "formId": ""
        },
        "jsonResult": true,
        "statusExpected": "200",
        "selFromResponse": "$..workingtrialbalance",
        "hardstop": false
    },
    "workingTrialBalanceCurrencies": {
        "name": "workingTrialBalanceCurrencies",
        "method": "GET",
        "baseUrl": "BASEURL/${runenv}/oit-binder/v1/binders/${binderId}/workingTrialBalanceCurrencies",
        "dynamicValues": {
            "binderId": ""
        },
        "jsonResult": true,
        "statusExpected": "200",
        "selFromResponse": null,
        "hardstop": false
    },
    "importStatusLog": {
        "name": "importStatusLog",
        "method": "GET",
        "baseUrl": "BASEURL/${runenv}/oit-binder/v1/importStatusLog?year=${year}",
        "dynamicValues": {
            "year": ""
        },
        "jsonResult": true,
        "statusExpected": "200",
        "selFromResponse": "$..importstatuslog",
        "hardstop": false
    },
    "hasPermission": {
        "name": "hasPermission",
        "method": "GET",
        "baseUrl": "BASEURL/${runenv}/oit-systemdata/hasPermission?objectId=${objectId}&permissionId=${permissionId}",
        "dynamicValues": {
            "objectId": "",
            "permissionId": ""
        },
        "jsonResult": false,
        "statusExpected": "200",
        "selFromResponse": null,
        "hardstop": false
    },
    "createSession": {
        "name": "createSession",
        "method": "POST",
        "baseUrl": "SESSIONSERVICE/${vu}",
        "dynamicValues": {
            "vu": ""
        },
        "jsonResult": false,
        "statusExpected": "200,201,204",
        "selFromResponse": null,
        "hardstop": false
    },
    "deleteSession": {
        "name": "deleteSession",
        "method": "DELETE",
        "baseUrl": "SESSIONSERVICE/${vu}",
        "dynamicValues": {
            "vu": ""
        },
        "jsonResult": false,
        "statusExpected": "200,201,204",
        "selFromResponse": null,
        "hardstop": false
    },
    "getSession": {
        "name": "getSession",
        "method": "POST",
        "baseUrl": "SESSIONSERVICE/_search",
        "dynamicValues": {},
        "jsonResult": true,
        "statusExpected": "200,201,204",
        "selFromResponse": null,
        "hardstop": false
    },
    "OrganizerImports": {
        "name": "OrganizerImports",
        "method": "POST",
        "baseUrl": "EXCELADDIN/onesourceincometax/onesourceincometax.asmx",
        "dynamicValues": {},
        "jsonResult": true,
        "statusExpected": "200,201,204",
        "selFromResponse": null,
        "hardstop": false
    },
    "MainNode": {
        "name": "MainNode",
        "method": "GET",
        "baseUrl": "OTWBASEURL/navtree/0-0",
        "dynamicValues": {},
        "jsonResult": true,
        "statusExpected": "200",
        "selFromResponse": null,
        "hardstop": false
    },
    "NavigateNode": {
        "name": "NavigateNode",
        "method": "GET",
        "baseUrl": "OTWBASEURL/navtree/${nodeId}?parentId=${parentNodeId}&areaId=${area}&screenId=${screen}&groupId=0,0,0,0,0&levelId=0&intField=&intFieldHierarchy=,,,,&isNavGrapeFolder=false&navGrapeFolderData=null",
        "dynamicValues": {
            "nodeId": "",
            "parentNodeId": "",
            "area": "",
            "screen": ""
        },
        "jsonResult": true,
        "statusExpected": "200",
        "selFromResponse": null,
        "hardstop": false
    },
    "StaticContent": {
        "name": "StaticContent",
        "method": "GET",
        "baseUrl": "OTWBASEURL/screen/static/${binderTaxReturnTypeId}/${area}/${screen}/?level=0&group=0,0,0,0,0",
        "dynamicValues": {
            "binderTaxReturnTypeId": "",
            "area": "",
            "screen": ""
        },
        "jsonResult": true,
        "statusExpected": "200",
        "selFromResponse": null,
        "hardstop": false
    },
    "EfileJobId": {
        "name": "EfileJobId",
        "method": "POST",
        "baseUrl": "OTWBASEURL/script/${area}/${screen}/${field}/RunTaxApplicationScriptEx",
        "dynamicValues": {
            "area": "",
            "screen": "",
            "field": ""
        },
        "jsonResult": true,
        "statusExpected": "200",
        "selFromResponse": null,
        "hardstop": false
    },
    "EfileScriptStatus": {
        "name": "EfileScriptStatus",
        "method": "GET",
        "baseUrl": "OTWBASEURL/scriptex/status/false",
        "dynamicValues": {},
        "jsonResult": true,
        "statusExpected": "200",
        "selFromResponse": null,
        "hardstop": false
    },
    "EfileStatusId": {
        "name": "EfileStatusId",
        "method": "GET",
        "baseUrl": "OTWBASEURL/efile-status/${JobId}",
        "dynamicValues": {
            "JobId": ""
        },
        "jsonResult": true,
        "statusExpected": "200",
        "selFromResponse": null,
        "hardstop": false
    }
}