username,password,account,OITUser,entityTypeId,WorkAreaName,firm,workareaId,oitGetAPICalls,runBalAdjGet,runBalAdjGetAndPost,runTASCompute,runTASConsol,launchOTW,runFullCompute,putCalls,getScreenData,executeConsol,runFederalEfile,runStateEfile,runEfileErrorCheck,runWebPrint,runAttachEFile,runDiagnostics,isCmEnabled,bulkOperations,efileCount,binderLocatorId,locatorId,taxYear,binderTaxReturnType,taxType,printCounts,Test,Scenario,comments
perf_dc_620X_01,PerfTester#4,3FM,Yes,TopConsolidation,Loadtesting_Largeload_1120,620X,3D,FALSE,FALSE,FALSE,FALSE,TRUE,TRUE,FALSE,FALSE,FALSE,FALSE,FALSE,FALSE,FALSE,FALSE,FALSE,FALSE,FALSE,FALSE,5,620X01013D000XMN,C000XMN2,2022,1120,1120,5,runTASConsol,,
perf_dc_620X_02,PerfTester#4,3FM,Yes,Subsidiary,Loadtesting_Largeload_1120,620X,3D,FALSE,FALSE,FALSE,TRUE,FALSE,TRUE,FALSE,FALSE,FALSE,FALSE,FALSE,FALSE,FALSE,FALSE,FALSE,FALSE,FALSE,FALSE,5,620X01013D000X7C,C000X7C2,2022,1120,1120,5,runTASCompute,,
perf_dc_620X_03,PerfTester#4,3FM,Yes,Eliminations,Loadtesting_Largeload_1120,620X,3D,FALSE,FALSE,FALSE,TRUE,FALSE,TRUE,FALSE,FALSE,FALSE,FALSE,FALSE,FALSE,FALSE,FALSE,FALSE,FALSE,FALSE,FALSE,5,620X01013D000X7D,C000X7D2,2022,1120,1120,5,runTASCompute,,
perf_dc_620X_04,PerfTester#4,3FM,Yes,Subsidiary,Loadtesting_Largeload_1120,620X,3D,FALSE,FALSE,FALSE,TRUE,FALSE,TRUE,FALSE,FALSE,FALSE,FALSE,FALSE,FALSE,FALSE,FALSE,FALSE,FALSE,FALSE,FALSE,5,620X01013D000X7I,C000X7I2,2022,1120,1120,5,runTASCompute,,
perf_dc_620X_05,PerfTester#4,3FM,Yes,Subsidiary,Loadtesting_Largeload_1120,620X,3D,FALSE,FALSE,FALSE,FALSE,FALSE,TRUE,FALSE,FALSE,FALSE,FALSE,FALSE,FALSE,TRUE,FALSE,FALSE,FALSE,FALSE,FALSE,5,620X01013D000X7F,C000X7F2,2022,1120,1120,5,runEfileErrorCheck,,
perf_dc_620X_06,PerfTester#4,3FM,Yes,Subsidiary,Loadtesting_Largeload_1120,620X,3D,FALSE,FALSE,FALSE,FALSE,FALSE,TRUE,FALSE,FALSE,FALSE,FALSE,FALSE,FALSE,FALSE,TRUE,FALSE,FALSE,FALSE,FALSE,5,620X01013D000X7E,C000X7E2,2022,1120,1120,5,runWebPrint,,
perf_dc_620X_07,PerfTester#4,3FM,Yes,Subsidiary,Loadtesting_Largeload_1120,620X,3D,FALSE,FALSE,FALSE,FALSE,FALSE,TRUE,FALSE,TRUE,FALSE,FALSE,FALSE,FALSE,FALSE,FALSE,FALSE,FALSE,FALSE,FALSE,5,620X01013D000X7H,C000X7H2,2022,1120,1120,5,putCalls,,
perf_dc_620X_08,PerfTester#4,3FM,Yes,Subsidiary,Loadtesting_Largeload_1120,620X,3D,FALSE,FALSE,FALSE,FALSE,FALSE,TRUE,FALSE,FALSE,FALSE,FALSE,FALSE,TRUE,FALSE,FALSE,FALSE,FALSE,FALSE,FALSE,5,620X01013D000X7G,C000X7G2,2022,1120,1120,5,runStateEfile,,
perf_dc_620X_09,PerfTester#4,3FM,Yes,Subsidiary,Loadtesting_Largeload_1120,620X,3D,FALSE,FALSE,FALSE,FALSE,FALSE,TRUE,FALSE,FALSE,TRUE,FALSE,FALSE,FALSE,FALSE,FALSE,FALSE,FALSE,FALSE,FALSE,5,620X01013D000X7J,C000X7J2,2022,1120,1120,5,getScreenData,,
perf_dc_620X_10,PerfTester#4,3FM,Yes,Subsidiary,Loadtesting_Largeload_1120,620X,3D,FALSE,FALSE,FALSE,TRUE,FALSE,TRUE,FALSE,FALSE,FALSE,FALSE,FALSE,FALSE,FALSE,FALSE,FALSE,FALSE,FALSE,FALSE,5,620X01013D000X7K,C000X7K2,2022,1120,1120,5,runTASCompute,,
perf_dc_620X_11,PerfTester#4,3FM,Yes,Subsidiary,Loadtesting_Largeload_1120,620X,3D,FALSE,FALSE,FALSE,FALSE,FALSE,TRUE,FALSE,FALSE,FALSE,FALSE,TRUE,FALSE,FALSE,FALSE,FALSE,FALSE,FALSE,FALSE,5,620X01013D000X7L,C000X7L2,2022,1120,1120,5,runFederalEfile,,
perf_dc_620X_12,PerfTester#4,3FM,Yes,Subsidiary,Loadtesting_Largeload_1120,620X,3D,FALSE,FALSE,FALSE,TRUE,FALSE,TRUE,FALSE,FALSE,FALSE,FALSE,FALSE,FALSE,FALSE,FALSE,FALSE,FALSE,FALSE,FALSE,5,620X01013D000X7N,C000X7N2,2022,1120,1120,5,runTASCompute,,
perf_dc_620X_13,PerfTester#4,3FM,Yes,Subsidiary,Loadtesting_Largeload_1120,620X,3D,FALSE,FALSE,FALSE,FALSE,FALSE,TRUE,FALSE,FALSE,FALSE,FALSE,FALSE,TRUE,FALSE,FALSE,FALSE,FALSE,FALSE,FALSE,5,620X01013D000X7P,C000X7P2,2022,1120,1120,5,runStateEfile,,
perf_dc_620X_14,PerfTester#4,3FM,Yes,Subsidiary,Loadtesting_Largeload_1120,620X,3D,FALSE,FALSE,FALSE,FALSE,FALSE,TRUE,FALSE,FALSE,FALSE,FALSE,FALSE,FALSE,FALSE,TRUE,FALSE,FALSE,FALSE,FALSE,5,620X01013D000X7T,C000X7T2,2022,1120,1120,5,runWebPrint,,
perf_dc_620X_15,PerfTester#4,3FM,Yes,Subsidiary,Loadtesting_Largeload_1120,620X,3D,FALSE,FALSE,FALSE,FALSE,FALSE,TRUE,FALSE,TRUE,FALSE,FALSE,FALSE,FALSE,FALSE,FALSE,FALSE,FALSE,FALSE,FALSE,5,620X01013D000X7O,C000X7O2,2022,1120,1120,5,putCalls,,
perf_dc_620X_16,PerfTester#4,3FM,Yes,Subsidiary,Loadtesting_Largeload_1120,620X,3D,FALSE,FALSE,FALSE,FALSE,FALSE,TRUE,FALSE,FALSE,FALSE,FALSE,TRUE,FALSE,FALSE,FALSE,FALSE,FALSE,FALSE,FALSE,5,620X01013D000X7M,C000X7M2,2022,1120,1120,5,runFederalEfile,,
perf_dc_620X_17,PerfTester#4,3FM,Yes,Subsidiary,Loadtesting_Largeload_1120,620X,3D,FALSE,FALSE,FALSE,FALSE,FALSE,TRUE,FALSE,FALSE,FALSE,FALSE,TRUE,FALSE,FALSE,FALSE,FALSE,FALSE,FALSE,FALSE,5,620X01013D000X7Q,C000X7Q2,2022,1120,1120,5,runFederalEfile,,
perf_dc_620X_18,PerfTester#4,3FM,Yes,Subsidiary,Loadtesting_Largeload_1120,620X,3D,FALSE,FALSE,FALSE,FALSE,FALSE,TRUE,FALSE,TRUE,FALSE,FALSE,FALSE,FALSE,FALSE,FALSE,FALSE,FALSE,FALSE,FALSE,5,620X01013D000X7R,C000X7R2,2022,1120,1120,5,putCalls,,
perf_dc_620X_19,PerfTester#4,3FM,Yes,Subsidiary,Loadtesting_Largeload_1120,620X,3D,FALSE,FALSE,FALSE,TRUE,FALSE,TRUE,FALSE,FALSE,FALSE,FALSE,FALSE,FALSE,FALSE,FALSE,FALSE,FALSE,FALSE,FALSE,5,620X01013D000X80,C000X802,2022,1120,1120,5,runTASCompute,,
perf_dc_620X_20,PerfTester#4,3FM,Yes,Subsidiary,Loadtesting_Largeload_1120,620X,3D,FALSE,FALSE,FALSE,TRUE,FALSE,TRUE,FALSE,FALSE,FALSE,FALSE,FALSE,FALSE,FALSE,FALSE,FALSE,FALSE,FALSE,FALSE,5,620X01013D000X7V,C000X7V2,2022,1120,1120,5,runTASCompute,,
perf_dc_620X_21,PerfTester#4,3FM,Yes,Subsidiary,Loadtesting_Largeload_1120,620X,3D,FALSE,FALSE,FALSE,FALSE,FALSE,TRUE,FALSE,FALSE,FALSE,FALSE,FALSE,FALSE,FALSE,FALSE,FALSE,FALSE,FALSE,FALSE,5,620X01013D000X7S,C000X7S2,2022,1120,1120,5,Dccalls,,
perf_dc_620X_22,PerfTester#4,3FM,Yes,Subsidiary,Loadtesting_Largeload_1120,620X,3D,FALSE,FALSE,FALSE,FALSE,FALSE,TRUE,FALSE,FALSE,FALSE,FALSE,FALSE,FALSE,TRUE,FALSE,FALSE,FALSE,FALSE,FALSE,5,620X01013D000X7U,C000X7U2,2022,1120,1120,5,runEfileErrorCheck,,
perf_dc_620X_01,PerfTester#4,3FM,Yes,Division,Loadtesting_Largeload_1120,620X,3D,FALSE,FALSE,FALSE,FALSE,FALSE,TRUE,FALSE,TRUE,FALSE,FALSE,FALSE,FALSE,FALSE,FALSE,FALSE,FALSE,FALSE,FALSE,5,620X01013D000X7Z,C000X7Z2,2022,1120,1120,5,putCalls,,
perf_dc_620X_02,PerfTester#4,3FM,Yes,Division,Loadtesting_Largeload_1120,620X,3D,FALSE,FALSE,FALSE,FALSE,FALSE,TRUE,FALSE,TRUE,FALSE,FALSE,FALSE,FALSE,FALSE,FALSE,FALSE,FALSE,FALSE,FALSE,5,620X01013D000X7W,C000X7W2,2022,1120,1120,5,putCalls,,
perf_dc_620X_03,PerfTester#4,3FM,Yes,Division,Loadtesting_Largeload_1120,620X,3D,FALSE,FALSE,FALSE,FALSE,FALSE,TRUE,FALSE,FALSE,FALSE,FALSE,TRUE,FALSE,FALSE,FALSE,FALSE,FALSE,FALSE,FALSE,5,620X01013D000X7X,C000X7X2,2022,1120,1120,5,runFederalEfile,,
perf_dc_620X_04,PerfTester#4,3FM,Yes,Division,Loadtesting_Largeload_1120,620X,3D,FALSE,FALSE,FALSE,TRUE,FALSE,TRUE,FALSE,FALSE,FALSE,FALSE,FALSE,FALSE,FALSE,FALSE,FALSE,FALSE,FALSE,FALSE,5,620X01013D000X86,C000X862,2022,1120,1120,5,runTASCompute,,
perf_dc_620X_05,PerfTester#4,3FM,Yes,Division,Loadtesting_Largeload_1120,620X,3D,FALSE,FALSE,FALSE,FALSE,FALSE,TRUE,FALSE,FALSE,FALSE,FALSE,TRUE,FALSE,FALSE,FALSE,FALSE,FALSE,FALSE,FALSE,5,620X01013D000X89,C000X892,2022,1120,1120,5,runFederalEfile,,
perf_dc_620X_06,PerfTester#4,3FM,Yes,Division,Loadtesting_Largeload_1120,620X,3D,FALSE,FALSE,FALSE,FALSE,FALSE,TRUE,FALSE,FALSE,FALSE,FALSE,TRUE,FALSE,FALSE,FALSE,FALSE,FALSE,FALSE,FALSE,5,620X01013D000X7Y,C000X7Y2,2022,1120,1120,5,runFederalEfile,,
perf_dc_620X_07,PerfTester#4,3FM,Yes,Division,Loadtesting_Largeload_1120,620X,3D,FALSE,FALSE,FALSE,FALSE,FALSE,TRUE,FALSE,TRUE,FALSE,FALSE,FALSE,FALSE,FALSE,FALSE,FALSE,FALSE,FALSE,FALSE,5,620X01013D000X85,C000X852,2022,1120,1120,5,putCalls,,
perf_dc_620X_08,PerfTester#4,3FM,Yes,Division,Loadtesting_Largeload_1120,620X,3D,FALSE,FALSE,FALSE,FALSE,FALSE,TRUE,FALSE,FALSE,FALSE,FALSE,FALSE,FALSE,FALSE,FALSE,FALSE,FALSE,FALSE,FALSE,5,620X01013D000X84,C000X842,2022,1120,1120,5,Dccalls,,
perf_dc_620X_09,PerfTester#4,3FM,Yes,Division,Loadtesting_Largeload_1120,620X,3D,FALSE,FALSE,FALSE,FALSE,FALSE,TRUE,FALSE,FALSE,TRUE,FALSE,FALSE,FALSE,FALSE,FALSE,FALSE,FALSE,FALSE,FALSE,5,620X01013D000X82,C000X822,2022,1120,1120,5,getScreenData,,
perf_dc_620X_10,PerfTester#4,3FM,Yes,Division,Loadtesting_Largeload_1120,620X,3D,FALSE,FALSE,FALSE,FALSE,FALSE,TRUE,FALSE,FALSE,FALSE,FALSE,FALSE,FALSE,FALSE,TRUE,FALSE,FALSE,FALSE,FALSE,5,620X01013D000X81,C000X812,2022,1120,1120,5,runWebPrint,,
perf_dc_620X_11,PerfTester#4,3FM,Yes,Division,Loadtesting_Largeload_1120,620X,3D,FALSE,FALSE,FALSE,FALSE,FALSE,TRUE,FALSE,FALSE,FALSE,FALSE,FALSE,FALSE,FALSE,FALSE,FALSE,TRUE,FALSE,FALSE,5,620X01013D000X88,C000X882,2022,1120,1120,5,runDiagnostics,,
perf_dc_620X_12,PerfTester#4,3FM,Yes,Division,Loadtesting_Largeload_1120,620X,3D,FALSE,FALSE,FALSE,FALSE,FALSE,TRUE,FALSE,FALSE,FALSE,FALSE,FALSE,FALSE,FALSE,TRUE,FALSE,FALSE,FALSE,FALSE,5,620X01013D000X8H,C000X8H2,2022,1120,1120,5,runWebPrint,,
perf_dc_620X_13,PerfTester#4,3FM,Yes,Division,Loadtesting_Largeload_1120,620X,3D,FALSE,FALSE,FALSE,FALSE,FALSE,TRUE,FALSE,FALSE,FALSE,FALSE,FALSE,FALSE,FALSE,FALSE,FALSE,TRUE,FALSE,FALSE,5,620X01013D000X8B,C000X8B2,2022,1120,1120,5,runDiagnostics,,
perf_dc_620X_14,PerfTester#4,3FM,Yes,Division,Loadtesting_Largeload_1120,620X,3D,FALSE,FALSE,FALSE,FALSE,FALSE,TRUE,FALSE,FALSE,FALSE,FALSE,FALSE,FALSE,FALSE,FALSE,FALSE,TRUE,FALSE,FALSE,5,620X01013D000X83,C000X832,2022,1120,1120,5,runDiagnostics,,
perf_dc_620X_15,PerfTester#4,3FM,Yes,Division,Loadtesting_Largeload_1120,620X,3D,FALSE,FALSE,FALSE,TRUE,FALSE,TRUE,FALSE,FALSE,FALSE,FALSE,FALSE,FALSE,FALSE,FALSE,FALSE,FALSE,FALSE,FALSE,5,620X01013D000X8C,C000X8C2,2022,1120,1120,5,runTASCompute,,
perf_dc_620X_16,PerfTester#4,3FM,Yes,Division,Loadtesting_Largeload_1120,620X,3D,FALSE,FALSE,FALSE,FALSE,FALSE,TRUE,FALSE,FALSE,FALSE,FALSE,FALSE,FALSE,FALSE,FALSE,FALSE,FALSE,FALSE,FALSE,5,620X01013D000X87,C000X872,2022,1120,1120,5,Dccalls,,
perf_dc_620X_17,PerfTester#4,3FM,Yes,Division,Loadtesting_Largeload_1120,620X,3D,FALSE,FALSE,FALSE,FALSE,FALSE,TRUE,FALSE,TRUE,FALSE,FALSE,FALSE,FALSE,FALSE,FALSE,FALSE,FALSE,FALSE,FALSE,5,620X01013D000X8E,C000X8E2,2022,1120,1120,5,putCalls,,
perf_dc_620X_18,PerfTester#4,3FM,Yes,Division,Loadtesting_Largeload_1120,620X,3D,FALSE,FALSE,FALSE,FALSE,FALSE,TRUE,FALSE,FALSE,FALSE,FALSE,FALSE,FALSE,FALSE,FALSE,FALSE,TRUE,FALSE,FALSE,5,620X01013D000X8F,C000X8F2,2022,1120,1120,5,runDiagnostics,,
perf_dc_620X_19,PerfTester#4,3FM,Yes,Division,Loadtesting_Largeload_1120,620X,3D,FALSE,FALSE,FALSE,FALSE,FALSE,TRUE,FALSE,FALSE,FALSE,FALSE,FALSE,FALSE,TRUE,FALSE,FALSE,FALSE,FALSE,FALSE,5,620X01013D000X8J,C000X8J2,2022,1120,1120,5,runEfileErrorCheck,,
perf_dc_620X_20,PerfTester#4,3FM,Yes,Division,Loadtesting_Largeload_1120,620X,3D,FALSE,FALSE,FALSE,FALSE,FALSE,TRUE,FALSE,FALSE,FALSE,FALSE,FALSE,TRUE,FALSE,FALSE,FALSE,FALSE,FALSE,FALSE,5,620X01013D000X8G,C000X8G2,2022,1120,1120,5,runStateEfile,,
perf_dc_620X_21,PerfTester#4,3FM,Yes,Division,Loadtesting_Largeload_1120,620X,3D,FALSE,FALSE,FALSE,TRUE,FALSE,TRUE,FALSE,FALSE,FALSE,FALSE,FALSE,FALSE,FALSE,FALSE,FALSE,FALSE,FALSE,FALSE,5,620X01013D000X8A,C000X8A2,2022,1120,1120,5,runTASCompute,,
perf_dc_620X_22,PerfTester#4,3FM,Yes,Division,Loadtesting_Largeload_1120,620X,3D,FALSE,FALSE,FALSE,FALSE,FALSE,TRUE,FALSE,FALSE,FALSE,FALSE,FALSE,FALSE,TRUE,FALSE,FALSE,FALSE,FALSE,FALSE,5,620X01013D000X8I,C000X8I2,2022,1120,1120,5,runEfileErrorCheck,,
perf_dc_620X_01,PerfTester#4,3FM,Yes,Division,Loadtesting_Largeload_1120,620X,3D,FALSE,FALSE,FALSE,FALSE,FALSE,TRUE,FALSE,TRUE,FALSE,FALSE,FALSE,FALSE,FALSE,FALSE,FALSE,FALSE,FALSE,FALSE,5,620X01013D000X8D,C000X8D2,2022,1120,1120,5,putCalls,,
perf_dc_620X_02,PerfTester#4,3FM,Yes,Division,Loadtesting_Largeload_1120,620X,3D,FALSE,FALSE,FALSE,FALSE,FALSE,TRUE,FALSE,FALSE,FALSE,FALSE,FALSE,FALSE,FALSE,TRUE,FALSE,FALSE,FALSE,FALSE,5,620X01013D000X8L,C000X8L2,2022,1120,1120,5,runWebPrint,,
perf_dc_620X_03,PerfTester#4,3FM,Yes,Division,Loadtesting_Largeload_1120,620X,3D,FALSE,FALSE,FALSE,FALSE,FALSE,TRUE,FALSE,FALSE,FALSE,FALSE,FALSE,FALSE,FALSE,TRUE,FALSE,FALSE,FALSE,FALSE,5,620X01013D000X8K,C000X8K2,2022,1120,1120,5,runWebPrint,,
perf_dc_620X_04,PerfTester#4,3FM,Yes,TopConsolidation,PERFORMANCE TESTING--DO NOT CHANGE(LARGE BINDERS),620X,2K,FALSE,FALSE,FALSE,FALSE,TRUE,TRUE,FALSE,FALSE,FALSE,FALSE,FALSE,FALSE,FALSE,FALSE,FALSE,FALSE,FALSE,FALSE,5,620X01012K000Y0U,C000Y0U2,2022,1120,1120,5,runTASConsol,,
perf_dc_620X_05,PerfTester#4,3FM,Yes,Parent,PERFORMANCE TESTING--DO NOT CHANGE(LARGE BINDERS),620X,2K,FALSE,FALSE,FALSE,FALSE,FALSE,TRUE,FALSE,FALSE,FALSE,FALSE,FALSE,FALSE,FALSE,FALSE,FALSE,TRUE,FALSE,FALSE,5,620X01012K000XMV,C000XMV2,2022,1120,1120,5,runDiagnostics,,
perf_dc_620X_06,PerfTester#4,3FM,Yes,Eliminations,PERFORMANCE TESTING--DO NOT CHANGE(LARGE BINDERS),620X,2K,FALSE,FALSE,FALSE,FALSE,FALSE,TRUE,FALSE,FALSE,FALSE,FALSE,FALSE,FALSE,FALSE,TRUE,FALSE,FALSE,FALSE,FALSE,5,620X01012K000XMR,C000XMR2,2022,1120,1120,5,runWebPrint,,
perf_dc_620X_07,PerfTester#4,3FM,Yes,SubConsolidation,PERFORMANCE TESTING--DO NOT CHANGE(LARGE BINDERS),620X,2K,FALSE,FALSE,FALSE,FALSE,FALSE,TRUE,FALSE,FALSE,TRUE,FALSE,FALSE,FALSE,FALSE,FALSE,FALSE,FALSE,FALSE,FALSE,5,620X01012K000Y0T,C000Y0T2,2022,1120,1120,5,getScreenData,,
perf_dc_620X_08,PerfTester#4,3FM,Yes,Divisional Consolidation,PERFORMANCE TESTING--DO NOT CHANGE(LARGE BINDERS),620X,2K,FALSE,FALSE,FALSE,FALSE,TRUE,TRUE,FALSE,FALSE,FALSE,FALSE,FALSE,FALSE,FALSE,FALSE,FALSE,FALSE,FALSE,FALSE,5,620X01012K000Y0S,C000Y0S2,2022,1120,1120,5,runTASConsol,,
perf_dc_620X_09,PerfTester#4,3FM,Yes,Division,PERFORMANCE TESTING--DO NOT CHANGE(LARGE BINDERS),620X,2K,FALSE,FALSE,FALSE,FALSE,FALSE,TRUE,FALSE,FALSE,FALSE,FALSE,FALSE,TRUE,FALSE,FALSE,FALSE,FALSE,FALSE,FALSE,5,620X01012K000XMU,C000XMU2,2022,1120,1120,5,runStateEfile,,
perf_dc_620X_10,PerfTester#4,3FM,Yes,Eliminations,PERFORMANCE TESTING--DO NOT CHANGE(LARGE BINDERS),620X,2K,FALSE,FALSE,FALSE,FALSE,FALSE,TRUE,FALSE,TRUE,FALSE,FALSE,FALSE,FALSE,FALSE,FALSE,FALSE,FALSE,FALSE,FALSE,5,620X01012K000XMS,C000XMS2,2022,1120,1120,5,putCalls,,
perf_dc_620X_11,PerfTester#4,3FM,Yes,Division,PERFORMANCE TESTING--DO NOT CHANGE(LARGE BINDERS),620X,2K,FALSE,FALSE,FALSE,FALSE,FALSE,TRUE,FALSE,FALSE,FALSE,FALSE,FALSE,FALSE,FALSE,FALSE,FALSE,FALSE,FALSE,FALSE,5,620X01012K000XTP,C000XTP2,2022,1120,1120,5,Dccalls,,
perf_dc_620X_12,PerfTester#4,3FM,Yes,Division,PERFORMANCE TESTING--DO NOT CHANGE(LARGE BINDERS),620X,2K,FALSE,FALSE,FALSE,FALSE,FALSE,TRUE,FALSE,FALSE,FALSE,FALSE,FALSE,FALSE,FALSE,FALSE,FALSE,FALSE,FALSE,FALSE,5,620X01012K000XTO,C000XTO2,2022,1120,1120,5,Dccalls,,
perf_dc_620X_13,PerfTester#4,3FM,Yes,Division,PERFORMANCE TESTING--DO NOT CHANGE(LARGE BINDERS),620X,2K,FALSE,FALSE,FALSE,FALSE,FALSE,TRUE,FALSE,FALSE,FALSE,FALSE,TRUE,FALSE,FALSE,FALSE,FALSE,FALSE,FALSE,FALSE,5,620X01012K000XTW,C000XTW2,2022,1120,1120,5,runFederalEfile,,
perf_dc_620X_14,PerfTester#4,3FM,Yes,Division,PERFORMANCE TESTING--DO NOT CHANGE(LARGE BINDERS),620X,2K,FALSE,FALSE,FALSE,FALSE,FALSE,TRUE,FALSE,FALSE,FALSE,FALSE,FALSE,TRUE,FALSE,FALSE,FALSE,FALSE,FALSE,FALSE,5,620X01012K000XTT,C000XTT2,2022,1120,1120,5,runStateEfile,,
perf_dc_620X_15,PerfTester#4,3FM,Yes,Division,PERFORMANCE TESTING--DO NOT CHANGE(LARGE BINDERS),620X,2K,FALSE,FALSE,FALSE,FALSE,FALSE,TRUE,FALSE,FALSE,TRUE,FALSE,FALSE,FALSE,FALSE,FALSE,FALSE,FALSE,FALSE,FALSE,5,620X01012K000XTN,C000XTN2,2022,1120,1120,5,getScreenData,,
perf_dc_620X_16,PerfTester#4,3FM,Yes,Division,PERFORMANCE TESTING--DO NOT CHANGE(LARGE BINDERS),620X,2K,FALSE,FALSE,FALSE,FALSE,FALSE,TRUE,FALSE,FALSE,TRUE,FALSE,FALSE,FALSE,FALSE,FALSE,FALSE,FALSE,FALSE,FALSE,5,620X01012K000XTM,C000XTM2,2022,1120,1120,5,getScreenData,,
perf_dc_620X_17,PerfTester#4,3FM,Yes,Division,PERFORMANCE TESTING--DO NOT CHANGE(LARGE BINDERS),620X,2K,FALSE,FALSE,FALSE,FALSE,FALSE,TRUE,FALSE,FALSE,FALSE,FALSE,TRUE,FALSE,FALSE,FALSE,FALSE,FALSE,FALSE,FALSE,5,620X01012K000XU0,C000XU02,2022,1120,1120,5,runFederalEfile,,
perf_dc_620X_18,PerfTester#4,3FM,Yes,Division,PERFORMANCE TESTING--DO NOT CHANGE(LARGE BINDERS),620X,2K,FALSE,FALSE,FALSE,FALSE,FALSE,TRUE,FALSE,FALSE,FALSE,FALSE,FALSE,FALSE,FALSE,TRUE,FALSE,FALSE,FALSE,FALSE,5,620X01012K000XU3,C000XU32,2022,1120,1120,5,runWebPrint,,
perf_dc_620X_19,PerfTester#4,3FM,Yes,Division,PERFORMANCE TESTING--DO NOT CHANGE(LARGE BINDERS),620X,2K,FALSE,FALSE,FALSE,FALSE,FALSE,TRUE,FALSE,FALSE,FALSE,FALSE,FALSE,FALSE,FALSE,FALSE,FALSE,FALSE,FALSE,FALSE,5,620X01012K000XTJ,C000XTJ2,2022,1120,1120,5,Dccalls,,
perf_dc_620X_20,PerfTester#4,3FM,Yes,Division,PERFORMANCE TESTING--DO NOT CHANGE(LARGE BINDERS),620X,2K,FALSE,FALSE,FALSE,FALSE,FALSE,TRUE,FALSE,FALSE,FALSE,FALSE,FALSE,FALSE,FALSE,FALSE,FALSE,TRUE,FALSE,FALSE,5,620X01012K000XTX,C000XTX2,2022,1120,1120,5,runDiagnostics,,
perf_dc_620X_21,PerfTester#4,3FM,Yes,Division,PERFORMANCE TESTING--DO NOT CHANGE(LARGE BINDERS),620X,2K,FALSE,FALSE,FALSE,FALSE,FALSE,TRUE,FALSE,FALSE,FALSE,FALSE,FALSE,FALSE,TRUE,FALSE,FALSE,FALSE,FALSE,FALSE,5,620X01012K000XTV,C000XTV2,2022,1120,1120,5,runEfileErrorCheck,,
perf_dc_620X_22,PerfTester#4,3FM,Yes,Division,PERFORMANCE TESTING--DO NOT CHANGE(LARGE BINDERS),620X,2K,FALSE,FALSE,FALSE,FALSE,FALSE,TRUE,FALSE,FALSE,FALSE,FALSE,FALSE,TRUE,FALSE,FALSE,FALSE,FALSE,FALSE,FALSE,5,620X01012K000XTY,C000XTY2,2022,1120,1120,5,runStateEfile,,
perf_dc_620X_01,PerfTester#4,3FM,Yes,Division,PERFORMANCE TESTING--DO NOT CHANGE(LARGE BINDERS),620X,2K,FALSE,FALSE,FALSE,FALSE,FALSE,TRUE,FALSE,FALSE,FALSE,FALSE,FALSE,FALSE,FALSE,FALSE,FALSE,TRUE,FALSE,FALSE,5,620X01012K000XU5,C000XU52,2022,1120,1120,5,runDiagnostics,,
perf_dc_620X_02,PerfTester#4,3FM,Yes,Division,PERFORMANCE TESTING--DO NOT CHANGE(LARGE BINDERS),620X,2K,FALSE,FALSE,FALSE,FALSE,FALSE,TRUE,FALSE,TRUE,FALSE,FALSE,FALSE,FALSE,FALSE,FALSE,FALSE,FALSE,FALSE,FALSE,5,620X01012K000XTZ,C000XTZ2,2022,1120,1120,5,putCalls,,
perf_dc_620X_03,PerfTester#4,3FM,Yes,Division,PERFORMANCE TESTING--DO NOT CHANGE(LARGE BINDERS),620X,2K,FALSE,FALSE,FALSE,FALSE,FALSE,TRUE,FALSE,FALSE,FALSE,FALSE,TRUE,FALSE,FALSE,FALSE,FALSE,FALSE,FALSE,FALSE,5,620X01012K000XTQ,C000XTQ2,2022,1120,1120,5,runFederalEfile,,
perf_dc_620X_04,PerfTester#4,3FM,Yes,Division,PERFORMANCE TESTING--DO NOT CHANGE(LARGE BINDERS),620X,2K,FALSE,FALSE,FALSE,FALSE,FALSE,TRUE,FALSE,FALSE,FALSE,FALSE,FALSE,FALSE,TRUE,FALSE,FALSE,FALSE,FALSE,FALSE,5,620X01012K000XU1,C000XU12,2022,1120,1120,5,runEfileErrorCheck,,
perf_dc_620X_05,PerfTester#4,3FM,Yes,Division,PERFORMANCE TESTING--DO NOT CHANGE(LARGE BINDERS),620X,2K,FALSE,FALSE,FALSE,FALSE,FALSE,TRUE,FALSE,FALSE,FALSE,FALSE,FALSE,FALSE,FALSE,TRUE,FALSE,FALSE,FALSE,FALSE,5,620X01012K000XUA,C000XUA2,2022,1120,1120,5,runWebPrint,,
perf_dc_620X_06,PerfTester#4,3FM,Yes,Division,PERFORMANCE TESTING--DO NOT CHANGE(LARGE BINDERS),620X,2K,FALSE,FALSE,FALSE,FALSE,FALSE,TRUE,FALSE,FALSE,FALSE,FALSE,TRUE,FALSE,FALSE,FALSE,FALSE,FALSE,FALSE,FALSE,5,620X01012K000XUE,C000XUE2,2022,1120,1120,5,runFederalEfile,,
perf_dc_620X_07,PerfTester#4,3FM,Yes,Division,PERFORMANCE TESTING--DO NOT CHANGE(LARGE BINDERS),620X,2K,FALSE,FALSE,FALSE,FALSE,FALSE,TRUE,FALSE,FALSE,FALSE,FALSE,TRUE,FALSE,FALSE,FALSE,FALSE,FALSE,FALSE,FALSE,5,620X01012K000XU2,C000XU22,2022,1120,1120,5,runFederalEfile,,
perf_dc_620X_08,PerfTester#4,3FM,Yes,Division,PERFORMANCE TESTING--DO NOT CHANGE(LARGE BINDERS),620X,2K,FALSE,FALSE,FALSE,FALSE,FALSE,TRUE,FALSE,FALSE,FALSE,FALSE,FALSE,TRUE,FALSE,FALSE,FALSE,FALSE,FALSE,FALSE,5,620X01012K000XU6,C000XU62,2022,1120,1120,5,runStateEfile,,
perf_dc_620X_09,PerfTester#4,3FM,Yes,Division,PERFORMANCE TESTING--DO NOT CHANGE(LARGE BINDERS),620X,2K,FALSE,FALSE,FALSE,FALSE,FALSE,TRUE,FALSE,TRUE,FALSE,FALSE,FALSE,FALSE,FALSE,FALSE,FALSE,FALSE,FALSE,FALSE,5,620X01012K000XU7,C000XU72,2022,1120,1120,5,putCalls,,
perf_dc_620X_10,PerfTester#4,3FM,Yes,Division,PERFORMANCE TESTING--DO NOT CHANGE(LARGE BINDERS),620X,2K,FALSE,FALSE,FALSE,FALSE,FALSE,TRUE,FALSE,FALSE,TRUE,FALSE,FALSE,FALSE,FALSE,FALSE,FALSE,FALSE,FALSE,FALSE,5,620X01012K000XU8,C000XU82,2022,1120,1120,5,getScreenData,,
perf_dc_620X_11,PerfTester#4,3FM,Yes,Division,PERFORMANCE TESTING--DO NOT CHANGE(LARGE BINDERS),620X,2K,FALSE,FALSE,FALSE,FALSE,FALSE,TRUE,FALSE,TRUE,FALSE,FALSE,FALSE,FALSE,FALSE,FALSE,FALSE,FALSE,FALSE,FALSE,5,620X01012K000XU9,C000XU92,2022,1120,1120,5,putCalls,,
perf_dc_620X_12,PerfTester#4,3FM,Yes,Division,PERFORMANCE TESTING--DO NOT CHANGE(LARGE BINDERS),620X,2K,FALSE,FALSE,FALSE,FALSE,FALSE,TRUE,FALSE,FALSE,FALSE,FALSE,FALSE,FALSE,FALSE,FALSE,FALSE,TRUE,FALSE,FALSE,5,620X01012K000XUK,C000XUK2,2022,1120,1120,5,runDiagnostics,,
perf_dc_620X_13,PerfTester#4,3FM,Yes,Division,PERFORMANCE TESTING--DO NOT CHANGE(LARGE BINDERS),620X,2K,FALSE,FALSE,FALSE,FALSE,FALSE,TRUE,FALSE,FALSE,FALSE,FALSE,FALSE,TRUE,FALSE,FALSE,FALSE,FALSE,FALSE,FALSE,5,620X01012K000XUG,C000XUG2,2022,1120,1120,5,runStateEfile,,
perf_dc_620X_14,PerfTester#4,3FM,Yes,Division,PERFORMANCE TESTING--DO NOT CHANGE(LARGE BINDERS),620X,2K,FALSE,FALSE,FALSE,FALSE,FALSE,TRUE,FALSE,FALSE,TRUE,FALSE,FALSE,FALSE,FALSE,FALSE,FALSE,FALSE,FALSE,FALSE,5,620X01012K000XUD,C000XUD2,2022,1120,1120,5,getScreenData,,
perf_dc_620X_15,PerfTester#4,3FM,Yes,Division,PERFORMANCE TESTING--DO NOT CHANGE(LARGE BINDERS),620X,2K,FALSE,FALSE,FALSE,FALSE,FALSE,TRUE,FALSE,FALSE,FALSE,FALSE,FALSE,TRUE,FALSE,FALSE,FALSE,FALSE,FALSE,FALSE,5,620X01012K000XUS,C000XUS2,2022,1120,1120,5,runStateEfile,,
perf_dc_620X_16,PerfTester#4,3FM,Yes,Division,PERFORMANCE TESTING--DO NOT CHANGE(LARGE BINDERS),620X,2K,FALSE,FALSE,FALSE,FALSE,FALSE,TRUE,FALSE,FALSE,FALSE,FALSE,FALSE,TRUE,FALSE,FALSE,FALSE,FALSE,FALSE,FALSE,5,620X01012K000XUJ,C000XUJ2,2022,1120,1120,5,runStateEfile,,
perf_dc_620X_17,PerfTester#4,3FM,Yes,Division,PERFORMANCE TESTING--DO NOT CHANGE(LARGE BINDERS),620X,2K,FALSE,FALSE,FALSE,TRUE,FALSE,TRUE,FALSE,FALSE,FALSE,FALSE,FALSE,FALSE,FALSE,FALSE,FALSE,FALSE,FALSE,FALSE,5,620X01012K000XUB,C000XUB2,2022,1120,1120,5,runTASCompute,,
perf_dc_620X_18,PerfTester#4,3FM,Yes,Division,PERFORMANCE TESTING--DO NOT CHANGE(LARGE BINDERS),620X,2K,FALSE,FALSE,FALSE,FALSE,FALSE,TRUE,FALSE,FALSE,FALSE,FALSE,FALSE,FALSE,FALSE,FALSE,FALSE,TRUE,FALSE,FALSE,5,620X01012K000XV0,C000XV02,2022,1120,1120,5,runDiagnostics,,
perf_dc_620X_19,PerfTester#4,3FM,Yes,Division,PERFORMANCE TESTING--DO NOT CHANGE(LARGE BINDERS),620X,2K,FALSE,FALSE,FALSE,FALSE,FALSE,TRUE,FALSE,TRUE,FALSE,FALSE,FALSE,FALSE,FALSE,FALSE,FALSE,FALSE,FALSE,FALSE,5,620X01012K000XU4,C000XU42,2022,1120,1120,5,putCalls,,
perf_dc_620X_20,PerfTester#4,3FM,Yes,Division,PERFORMANCE TESTING--DO NOT CHANGE(LARGE BINDERS),620X,2K,FALSE,FALSE,FALSE,FALSE,FALSE,TRUE,FALSE,FALSE,FALSE,FALSE,FALSE,FALSE,FALSE,FALSE,FALSE,TRUE,FALSE,FALSE,5,620X01012K000XUN,C000XUN2,2022,1120,1120,5,runDiagnostics,,
perf_dc_620X_21,PerfTester#4,3FM,Yes,Division,PERFORMANCE TESTING--DO NOT CHANGE(LARGE BINDERS),620X,2K,FALSE,FALSE,FALSE,FALSE,FALSE,TRUE,FALSE,FALSE,FALSE,FALSE,FALSE,FALSE,TRUE,FALSE,FALSE,FALSE,FALSE,FALSE,5,620X01012K000XUH,C000XUH2,2022,1120,1120,5,runEfileErrorCheck,,
perf_dc_620X_22,PerfTester#4,3FM,Yes,Division,PERFORMANCE TESTING--DO NOT CHANGE(LARGE BINDERS),620X,2K,FALSE,FALSE,FALSE,TRUE,FALSE,TRUE,FALSE,FALSE,FALSE,FALSE,FALSE,FALSE,FALSE,FALSE,FALSE,FALSE,FALSE,FALSE,5,620X01012K000XUF,C000XUF2,2022,1120,1120,5,runTASCompute,,
perf_dc_620X_01,PerfTester#4,3FM,Yes,Division,PERFORMANCE TESTING--DO NOT CHANGE(LARGE BINDERS),620X,2K,FALSE,FALSE,FALSE,TRUE,FALSE,TRUE,FALSE,FALSE,FALSE,FALSE,FALSE,FALSE,FALSE,FALSE,FALSE,FALSE,FALSE,FALSE,5,620X01012K000XUM,C000XUM2,2022,1120,1120,5,runTASCompute,,
perf_dc_620X_02,PerfTester#4,3FM,Yes,Division,PERFORMANCE TESTING--DO NOT CHANGE(LARGE BINDERS),620X,2K,FALSE,FALSE,FALSE,FALSE,FALSE,TRUE,FALSE,FALSE,FALSE,FALSE,TRUE,FALSE,FALSE,FALSE,FALSE,FALSE,FALSE,FALSE,5,620X01012K000XUL,C000XUL2,2022,1120,1120,5,runFederalEfile,,
perf_dc_620X_03,PerfTester#4,3FM,Yes,Division,PERFORMANCE TESTING--DO NOT CHANGE(LARGE BINDERS),620X,2K,FALSE,FALSE,FALSE,FALSE,FALSE,TRUE,FALSE,FALSE,FALSE,FALSE,FALSE,TRUE,FALSE,FALSE,FALSE,FALSE,FALSE,FALSE,5,620X01012K000XUT,C000XUT2,2022,1120,1120,5,runStateEfile,,
perf_dc_620X_04,PerfTester#4,3FM,Yes,Division,PERFORMANCE TESTING--DO NOT CHANGE(LARGE BINDERS),620X,2K,FALSE,FALSE,FALSE,FALSE,FALSE,TRUE,FALSE,FALSE,TRUE,FALSE,FALSE,FALSE,FALSE,FALSE,FALSE,FALSE,FALSE,FALSE,5,620X01012K000XUO,C000XUO2,2022,1120,1120,5,getScreenData,,
perf_dc_620X_05,PerfTester#4,3FM,Yes,Division,PERFORMANCE TESTING--DO NOT CHANGE(LARGE BINDERS),620X,2K,FALSE,FALSE,FALSE,FALSE,FALSE,TRUE,FALSE,FALSE,FALSE,FALSE,FALSE,FALSE,FALSE,TRUE,FALSE,FALSE,FALSE,FALSE,5,620X01012K000XUP,C000XUP2,2022,1120,1120,5,runWebPrint,,
perf_dc_620X_06,PerfTester#4,3FM,Yes,Division,PERFORMANCE TESTING--DO NOT CHANGE(LARGE BINDERS),620X,2K,FALSE,FALSE,FALSE,TRUE,FALSE,TRUE,FALSE,FALSE,FALSE,FALSE,FALSE,FALSE,FALSE,FALSE,FALSE,FALSE,FALSE,FALSE,5,620X01012K000XUQ,C000XUQ2,2022,1120,1120,5,runTASCompute,,
perf_dc_620X_07,PerfTester#4,3FM,Yes,Division,PERFORMANCE TESTING--DO NOT CHANGE(LARGE BINDERS),620X,2K,FALSE,FALSE,FALSE,FALSE,FALSE,TRUE,FALSE,FALSE,FALSE,FALSE,FALSE,FALSE,FALSE,FALSE,FALSE,TRUE,FALSE,FALSE,5,620X01012K000XUC,C000XUC2,2022,1120,1120,5,runDiagnostics,,
perf_dc_620X_08,PerfTester#4,3FM,Yes,Division,PERFORMANCE TESTING--DO NOT CHANGE(LARGE BINDERS),620X,2K,FALSE,FALSE,FALSE,FALSE,FALSE,TRUE,FALSE,FALSE,FALSE,FALSE,FALSE,FALSE,FALSE,TRUE,FALSE,FALSE,FALSE,FALSE,5,620X01012K000XV2,C000XV22,2022,1120,1120,5,runWebPrint,,
perf_dc_620X_09,PerfTester#4,3FM,Yes,Division,PERFORMANCE TESTING--DO NOT CHANGE(LARGE BINDERS),620X,2K,FALSE,FALSE,FALSE,FALSE,FALSE,TRUE,FALSE,FALSE,TRUE,FALSE,FALSE,FALSE,FALSE,FALSE,FALSE,FALSE,FALSE,FALSE,5,620X01012K000XV7,C000XV72,2022,1120,1120,5,getScreenData,,
perf_dc_620X_10,PerfTester#4,3FM,Yes,Division,PERFORMANCE TESTING--DO NOT CHANGE(LARGE BINDERS),620X,2K,FALSE,FALSE,FALSE,FALSE,FALSE,TRUE,FALSE,FALSE,FALSE,FALSE,FALSE,FALSE,FALSE,TRUE,FALSE,FALSE,FALSE,FALSE,5,620X01012K000XUI,C000XUI2,2022,1120,1120,5,runWebPrint,,
perf_dc_620X_11,PerfTester#4,3FM,Yes,Division,PERFORMANCE TESTING--DO NOT CHANGE(LARGE BINDERS),620X,2K,FALSE,FALSE,FALSE,FALSE,FALSE,TRUE,FALSE,FALSE,FALSE,FALSE,FALSE,TRUE,FALSE,FALSE,FALSE,FALSE,FALSE,FALSE,5,620X01012K000XUU,C000XUU2,2022,1120,1120,5,runStateEfile,,
perf_dc_620X_12,PerfTester#4,3FM,Yes,Division,PERFORMANCE TESTING--DO NOT CHANGE(LARGE BINDERS),620X,2K,FALSE,FALSE,FALSE,FALSE,FALSE,TRUE,FALSE,FALSE,FALSE,FALSE,FALSE,TRUE,FALSE,FALSE,FALSE,FALSE,FALSE,FALSE,5,620X01012K000XUZ,C000XUZ2,2022,1120,1120,5,runStateEfile,,
perf_dc_620X_13,PerfTester#4,3FM,Yes,Division,PERFORMANCE TESTING--DO NOT CHANGE(LARGE BINDERS),620X,2K,FALSE,FALSE,FALSE,FALSE,FALSE,TRUE,FALSE,TRUE,FALSE,FALSE,FALSE,FALSE,FALSE,FALSE,FALSE,FALSE,FALSE,FALSE,5,620X01012K000XV1,C000XV12,2022,1120,1120,5,putCalls,,
perf_dc_620X_14,PerfTester#4,3FM,Yes,Division,PERFORMANCE TESTING--DO NOT CHANGE(LARGE BINDERS),620X,2K,FALSE,FALSE,FALSE,FALSE,FALSE,TRUE,FALSE,FALSE,FALSE,FALSE,FALSE,FALSE,FALSE,TRUE,FALSE,FALSE,FALSE,FALSE,5,620X01012K000XV4,C000XV42,2022,1120,1120,5,runWebPrint,,
perf_dc_620X_15,PerfTester#4,3FM,Yes,Division,PERFORMANCE TESTING--DO NOT CHANGE(LARGE BINDERS),620X,2K,FALSE,FALSE,FALSE,FALSE,FALSE,TRUE,FALSE,FALSE,FALSE,FALSE,FALSE,TRUE,FALSE,FALSE,FALSE,FALSE,FALSE,FALSE,5,620X01012K000XV5,C000XV52,2022,1120,1120,5,runStateEfile,,
perf_dc_620X_16,PerfTester#4,3FM,Yes,Division,PERFORMANCE TESTING--DO NOT CHANGE(LARGE BINDERS),620X,2K,FALSE,FALSE,FALSE,TRUE,FALSE,TRUE,FALSE,FALSE,FALSE,FALSE,FALSE,FALSE,FALSE,FALSE,FALSE,FALSE,FALSE,FALSE,5,620X01012K000XUW,C000XUW2,2022,1120,1120,5,runTASCompute,,
perf_dc_620X_17,PerfTester#4,3FM,Yes,Division,PERFORMANCE TESTING--DO NOT CHANGE(LARGE BINDERS),620X,2K,FALSE,FALSE,FALSE,FALSE,FALSE,TRUE,FALSE,FALSE,FALSE,FALSE,FALSE,FALSE,TRUE,FALSE,FALSE,FALSE,FALSE,FALSE,5,620X01012K000XUR,C000XUR2,2022,1120,1120,5,runEfileErrorCheck,,
perf_dc_620X_18,PerfTester#4,3FM,Yes,Division,PERFORMANCE TESTING--DO NOT CHANGE(LARGE BINDERS),620X,2K,FALSE,FALSE,FALSE,FALSE,FALSE,TRUE,FALSE,TRUE,FALSE,FALSE,FALSE,FALSE,FALSE,FALSE,FALSE,FALSE,FALSE,FALSE,5,620X01012K000XUV,C000XUV2,2022,1120,1120,5,putCalls,,
perf_dc_620X_19,PerfTester#4,3FM,Yes,Division,PERFORMANCE TESTING--DO NOT CHANGE(LARGE BINDERS),620X,2K,FALSE,FALSE,FALSE,FALSE,FALSE,TRUE,FALSE,TRUE,FALSE,FALSE,FALSE,FALSE,FALSE,FALSE,FALSE,FALSE,FALSE,FALSE,5,620X01012K000XVC,C000XVC2,2022,1120,1120,5,putCalls,,
perf_dc_620X_20,PerfTester#4,3FM,Yes,Division,PERFORMANCE TESTING--DO NOT CHANGE(LARGE BINDERS),620X,2K,FALSE,FALSE,FALSE,FALSE,FALSE,TRUE,FALSE,FALSE,FALSE,FALSE,FALSE,FALSE,FALSE,FALSE,FALSE,TRUE,FALSE,FALSE,5,620X01012K000XVM,C000XVM2,2022,1120,1120,5,runDiagnostics,,
perf_dc_620X_21,PerfTester#4,3FM,Yes,Division,PERFORMANCE TESTING--DO NOT CHANGE(LARGE BINDERS),620X,2K,FALSE,FALSE,FALSE,FALSE,FALSE,TRUE,FALSE,TRUE,FALSE,FALSE,FALSE,FALSE,FALSE,FALSE,FALSE,FALSE,FALSE,FALSE,5,620X01012K000XUX,C000XUX2,2022,1120,1120,5,putCalls,,
perf_dc_620X_22,PerfTester#4,3FM,Yes,Division,PERFORMANCE TESTING--DO NOT CHANGE(LARGE BINDERS),620X,2K,FALSE,FALSE,FALSE,FALSE,FALSE,TRUE,FALSE,FALSE,FALSE,FALSE,FALSE,FALSE,FALSE,FALSE,FALSE,TRUE,FALSE,FALSE,5,620X01012K000XV9,C000XV92,2022,1120,1120,5,runDiagnostics,,
perf_dc_620X_22,PerfTester#4,3FM,Yes,Division,PERFORMANCE TESTING--DO NOT CHANGE(LARGE BINDERS),620X,2K,FALSE,FALSE,FALSE,FALSE,FALSE,TRUE,FALSE,TRUE,FALSE,FALSE,FALSE,FALSE,FALSE,FALSE,FALSE,FALSE,FALSE,FALSE,5,620X01012K000XV8,C000XV82,2022,1120,1120,5,putCalls,,
perf_dc_620X_22,PerfTester#4,3FM,Yes,Division,PERFORMANCE TESTING--DO NOT CHANGE(LARGE BINDERS),620X,2K,FALSE,FALSE,FALSE,FALSE,FALSE,TRUE,FALSE,FALSE,FALSE,FALSE,TRUE,FALSE,FALSE,FALSE,FALSE,FALSE,FALSE,FALSE,5,620X01012K000XVG,C000XVG2,2022,1120,1120,5,runFederalEfile,,
perf_dc_620X_22,PerfTester#4,3FM,Yes,Division,PERFORMANCE TESTING--DO NOT CHANGE(LARGE BINDERS),620X,2K,FALSE,FALSE,FALSE,FALSE,FALSE,TRUE,FALSE,FALSE,FALSE,FALSE,FALSE,TRUE,FALSE,FALSE,FALSE,FALSE,FALSE,FALSE,5,620X01012K000XVA,C000XVA2,2022,1120,1120,5,runStateEfile,,
perf_dc_620X_22,PerfTester#4,3FM,Yes,Division,PERFORMANCE TESTING--DO NOT CHANGE(LARGE BINDERS),620X,2K,FALSE,FALSE,FALSE,FALSE,FALSE,TRUE,FALSE,FALSE,FALSE,FALSE,TRUE,FALSE,FALSE,FALSE,FALSE,FALSE,FALSE,FALSE,5,620X01012K000XUY,C000XUY2,2022,1120,1120,5,runFederalEfile,,
perf_dc_620X_22,PerfTester#4,3FM,Yes,Division,PERFORMANCE TESTING--DO NOT CHANGE(LARGE BINDERS),620X,2K,FALSE,FALSE,FALSE,FALSE,FALSE,TRUE,FALSE,FALSE,TRUE,FALSE,FALSE,FALSE,FALSE,FALSE,FALSE,FALSE,FALSE,FALSE,5,620X01012K000XV3,C000XV32,2022,1120,1120,5,getScreenData,,
perf_dc_620X_22,PerfTester#4,3FM,Yes,Division,PERFORMANCE TESTING--DO NOT CHANGE(LARGE BINDERS),620X,2K,FALSE,FALSE,FALSE,FALSE,FALSE,TRUE,FALSE,TRUE,FALSE,FALSE,FALSE,FALSE,FALSE,FALSE,FALSE,FALSE,FALSE,FALSE,5,620X01012K000XVB,C000XVB2,2022,1120,1120,5,putCalls,,
perf_dc_620X_22,PerfTester#4,3FM,Yes,Division,PERFORMANCE TESTING--DO NOT CHANGE(LARGE BINDERS),620X,2K,FALSE,FALSE,FALSE,TRUE,FALSE,TRUE,FALSE,FALSE,FALSE,FALSE,FALSE,FALSE,FALSE,FALSE,FALSE,FALSE,FALSE,FALSE,5,620X01012K000XVJ,C000XVJ2,2022,1120,1120,5,runTASCompute,,
perf_dc_620X_22,PerfTester#4,3FM,Yes,Division,PERFORMANCE TESTING--DO NOT CHANGE(LARGE BINDERS),620X,2K,FALSE,FALSE,FALSE,FALSE,FALSE,TRUE,FALSE,FALSE,TRUE,FALSE,FALSE,FALSE,FALSE,FALSE,FALSE,FALSE,FALSE,FALSE,5,620X01012K000XVP,C000XVP2,2022,1120,1120,5,getScreenData,,
perf_dc_620X_22,PerfTester#4,3FM,Yes,Division,PERFORMANCE TESTING--DO NOT CHANGE(LARGE BINDERS),620X,2K,FALSE,FALSE,FALSE,FALSE,FALSE,TRUE,FALSE,FALSE,TRUE,FALSE,FALSE,FALSE,FALSE,FALSE,FALSE,FALSE,FALSE,FALSE,5,620X01012K000XVF,C000XVF2,2022,1120,1120,5,getScreenData,,
perf_dc_620X_22,PerfTester#4,3FM,Yes,Division,PERFORMANCE TESTING--DO NOT CHANGE(LARGE BINDERS),620X,2K,FALSE,FALSE,FALSE,FALSE,FALSE,TRUE,FALSE,FALSE,FALSE,FALSE,FALSE,FALSE,TRUE,FALSE,FALSE,FALSE,FALSE,FALSE,5,620X01012K000XVE,C000XVE2,2022,1120,1120,5,runEfileErrorCheck,,
perf_dc_620X_22,PerfTester#4,3FM,Yes,Division,PERFORMANCE TESTING--DO NOT CHANGE(LARGE BINDERS),620X,2K,FALSE,FALSE,FALSE,FALSE,FALSE,TRUE,FALSE,FALSE,FALSE,FALSE,FALSE,FALSE,FALSE,TRUE,FALSE,FALSE,FALSE,FALSE,5,620X01012K000XW1,C000XW12,2022,1120,1120,5,runWebPrint,,
perf_dc_620X_22,PerfTester#4,3FM,Yes,Division,PERFORMANCE TESTING--DO NOT CHANGE(LARGE BINDERS),620X,2K,FALSE,FALSE,FALSE,FALSE,FALSE,TRUE,FALSE,FALSE,FALSE,FALSE,TRUE,FALSE,FALSE,FALSE,FALSE,FALSE,FALSE,FALSE,5,620X01012K000XVI,C000XVI2,2022,1120,1120,5,runFederalEfile,,
perf_dc_620X_22,PerfTester#4,3FM,Yes,Division,PERFORMANCE TESTING--DO NOT CHANGE(LARGE BINDERS),620X,2K,FALSE,FALSE,FALSE,TRUE,FALSE,TRUE,FALSE,FALSE,FALSE,FALSE,FALSE,FALSE,FALSE,FALSE,FALSE,FALSE,FALSE,FALSE,5,620X01012K000XVN,C000XVN2,2022,1120,1120,5,runTASCompute,,
perf_dc_620X_22,PerfTester#4,3FM,Yes,Division,PERFORMANCE TESTING--DO NOT CHANGE(LARGE BINDERS),620X,2K,FALSE,FALSE,FALSE,TRUE,FALSE,TRUE,FALSE,FALSE,FALSE,FALSE,FALSE,FALSE,FALSE,FALSE,FALSE,FALSE,FALSE,FALSE,5,620X01012K000XVL,C000XVL2,2022,1120,1120,5,runTASCompute,,
perf_dc_620X_22,PerfTester#4,3FM,Yes,Division,PERFORMANCE TESTING--DO NOT CHANGE(LARGE BINDERS),620X,2K,FALSE,FALSE,FALSE,FALSE,FALSE,TRUE,FALSE,FALSE,FALSE,FALSE,TRUE,FALSE,FALSE,FALSE,FALSE,FALSE,FALSE,FALSE,5,620X01012K000XVU,C000XVU2,2022,1120,1120,5,runFederalEfile,,
perf_dc_620X_22,PerfTester#4,3FM,Yes,Division,PERFORMANCE TESTING--DO NOT CHANGE(LARGE BINDERS),620X,2K,FALSE,FALSE,FALSE,TRUE,FALSE,TRUE,FALSE,FALSE,FALSE,FALSE,FALSE,FALSE,FALSE,FALSE,FALSE,FALSE,FALSE,FALSE,5,620X01012K000XV6,C000XV62,2022,1120,1120,5,runTASCompute,,
perf_dc_620X_22,PerfTester#4,3FM,Yes,Division,PERFORMANCE TESTING--DO NOT CHANGE(LARGE BINDERS),620X,2K,FALSE,FALSE,FALSE,FALSE,FALSE,TRUE,FALSE,FALSE,FALSE,FALSE,FALSE,FALSE,FALSE,FALSE,FALSE,TRUE,FALSE,FALSE,5,620X01012K000XVK,C000XVK2,2022,1120,1120,5,runDiagnostics,,
perf_dc_620X_22,PerfTester#4,3FM,Yes,Division,PERFORMANCE TESTING--DO NOT CHANGE(LARGE BINDERS),620X,2K,FALSE,FALSE,FALSE,FALSE,FALSE,TRUE,FALSE,TRUE,FALSE,FALSE,FALSE,FALSE,FALSE,FALSE,FALSE,FALSE,FALSE,FALSE,5,620X01012K000XVS,C000XVS2,2022,1120,1120,5,putCalls,,
perf_dc_620X_22,PerfTester#4,3FM,Yes,Division,PERFORMANCE TESTING--DO NOT CHANGE(LARGE BINDERS),620X,2K,FALSE,FALSE,FALSE,FALSE,FALSE,TRUE,FALSE,FALSE,FALSE,FALSE,FALSE,FALSE,TRUE,FALSE,FALSE,FALSE,FALSE,FALSE,5,620X01012K000XW8,C000XW82,2022,1120,1120,5,runEfileErrorCheck,,
perf_dc_620X_22,PerfTester#4,3FM,Yes,Division,PERFORMANCE TESTING--DO NOT CHANGE(LARGE BINDERS),620X,2K,FALSE,FALSE,FALSE,FALSE,FALSE,TRUE,FALSE,FALSE,FALSE,FALSE,FALSE,FALSE,FALSE,FALSE,FALSE,TRUE,FALSE,FALSE,5,620X01012K000XVO,C000XVO2,2022,1120,1120,5,runDiagnostics,,
perf_dc_620X_22,PerfTester#4,3FM,Yes,Division,PERFORMANCE TESTING--DO NOT CHANGE(LARGE BINDERS),620X,2K,FALSE,FALSE,FALSE,FALSE,FALSE,TRUE,FALSE,TRUE,FALSE,FALSE,FALSE,FALSE,FALSE,FALSE,FALSE,FALSE,FALSE,FALSE,5,620X01012K000XW0,C000XW02,2022,1120,1120,5,putCalls,,
perf_dc_620X_22,PerfTester#4,3FM,Yes,Division,PERFORMANCE TESTING--DO NOT CHANGE(LARGE BINDERS),620X,2K,FALSE,FALSE,FALSE,FALSE,FALSE,TRUE,FALSE,FALSE,FALSE,FALSE,TRUE,FALSE,FALSE,FALSE,FALSE,FALSE,FALSE,FALSE,5,620X01012K000XVZ,C000XVZ2,2022,1120,1120,5,runFederalEfile,,
perf_dc_620X_22,PerfTester#4,3FM,Yes,Division,PERFORMANCE TESTING--DO NOT CHANGE(LARGE BINDERS),620X,2K,FALSE,FALSE,FALSE,FALSE,FALSE,TRUE,FALSE,FALSE,FALSE,FALSE,FALSE,FALSE,FALSE,FALSE,FALSE,FALSE,FALSE,FALSE,5,620X01012K000XVT,C000XVT2,2022,1120,1120,5,Dccalls,,
perf_dc_620X_22,PerfTester#4,3FM,Yes,Division,PERFORMANCE TESTING--DO NOT CHANGE(LARGE BINDERS),620X,2K,FALSE,FALSE,FALSE,FALSE,FALSE,TRUE,FALSE,FALSE,FALSE,FALSE,FALSE,FALSE,FALSE,FALSE,FALSE,FALSE,FALSE,FALSE,5,620X01012K000XVR,C000XVR2,2022,1120,1120,5,Dccalls,,
perf_dc_620X_22,PerfTester#4,3FM,Yes,Division,PERFORMANCE TESTING--DO NOT CHANGE(LARGE BINDERS),620X,2K,FALSE,FALSE,FALSE,FALSE,FALSE,TRUE,FALSE,FALSE,FALSE,FALSE,FALSE,FALSE,FALSE,FALSE,FALSE,TRUE,FALSE,FALSE,5,620X01012K000XVD,C000XVD2,2022,1120,1120,5,runDiagnostics,,
perf_dc_620X_22,PerfTester#4,3FM,Yes,Division,PERFORMANCE TESTING--DO NOT CHANGE(LARGE BINDERS),620X,2K,FALSE,FALSE,FALSE,FALSE,FALSE,TRUE,FALSE,FALSE,FALSE,FALSE,FALSE,FALSE,TRUE,FALSE,FALSE,FALSE,FALSE,FALSE,5,620X01012K000XVY,C000XVY2,2022,1120,1120,5,runEfileErrorCheck,,
perf_dc_620X_22,PerfTester#4,3FM,Yes,Division,PERFORMANCE TESTING--DO NOT CHANGE(LARGE BINDERS),620X,2K,FALSE,FALSE,FALSE,FALSE,FALSE,TRUE,FALSE,TRUE,FALSE,FALSE,FALSE,FALSE,FALSE,FALSE,FALSE,FALSE,FALSE,FALSE,5,620X01012K000XVH,C000XVH2,2022,1120,1120,5,putCalls,,
perf_dc_620X_22,PerfTester#4,3FM,Yes,Division,PERFORMANCE TESTING--DO NOT CHANGE(LARGE BINDERS),620X,2K,FALSE,FALSE,FALSE,FALSE,FALSE,TRUE,FALSE,FALSE,FALSE,FALSE,FALSE,FALSE,FALSE,FALSE,FALSE,TRUE,FALSE,FALSE,5,620X01012K000XVQ,C000XVQ2,2022,1120,1120,5,runDiagnostics,,
perf_dc_620X_22,PerfTester#4,3FM,Yes,Division,PERFORMANCE TESTING--DO NOT CHANGE(LARGE BINDERS),620X,2K,FALSE,FALSE,FALSE,FALSE,FALSE,TRUE,FALSE,FALSE,FALSE,FALSE,TRUE,FALSE,FALSE,FALSE,FALSE,FALSE,FALSE,FALSE,5,620X01012K000XW7,C000XW72,2022,1120,1120,5,runFederalEfile,,
perf_dc_620X_22,PerfTester#4,3FM,Yes,Division,PERFORMANCE TESTING--DO NOT CHANGE(LARGE BINDERS),620X,2K,FALSE,FALSE,FALSE,FALSE,FALSE,TRUE,FALSE,FALSE,FALSE,FALSE,FALSE,FALSE,FALSE,FALSE,FALSE,FALSE,FALSE,FALSE,5,620X01012K000XWB,C000XWB2,2022,1120,1120,5,Dccalls,,
perf_dc_620X_22,PerfTester#4,3FM,Yes,Division,PERFORMANCE TESTING--DO NOT CHANGE(LARGE BINDERS),620X,2K,FALSE,FALSE,FALSE,FALSE,FALSE,TRUE,FALSE,FALSE,FALSE,FALSE,FALSE,FALSE,FALSE,FALSE,FALSE,FALSE,FALSE,FALSE,5,620X01012K000XWG,C000XWG2,2022,1120,1120,5,Dccalls,,
perf_dc_620X_22,PerfTester#4,3FM,Yes,Division,PERFORMANCE TESTING--DO NOT CHANGE(LARGE BINDERS),620X,2K,FALSE,FALSE,FALSE,FALSE,FALSE,TRUE,FALSE,TRUE,FALSE,FALSE,FALSE,FALSE,FALSE,FALSE,FALSE,FALSE,FALSE,FALSE,5,620X01012K000XWD,C000XWD2,2022,1120,1120,5,putCalls,,
perf_dc_620X_22,PerfTester#4,3FM,Yes,Division,PERFORMANCE TESTING--DO NOT CHANGE(LARGE BINDERS),620X,2K,FALSE,FALSE,FALSE,FALSE,FALSE,TRUE,FALSE,FALSE,FALSE,FALSE,FALSE,FALSE,FALSE,FALSE,FALSE,FALSE,FALSE,FALSE,5,620X01012K000XW6,C000XW62,2022,1120,1120,5,Dccalls,,
perf_dc_620X_22,PerfTester#4,3FM,Yes,Division,PERFORMANCE TESTING--DO NOT CHANGE(LARGE BINDERS),620X,2K,FALSE,FALSE,FALSE,FALSE,FALSE,TRUE,FALSE,FALSE,FALSE,FALSE,TRUE,FALSE,FALSE,FALSE,FALSE,FALSE,FALSE,FALSE,5,620X01012K000XVX,C000XVX2,2022,1120,1120,5,runFederalEfile,,
perf_dc_620X_22,PerfTester#4,3FM,Yes,Division,PERFORMANCE TESTING--DO NOT CHANGE(LARGE BINDERS),620X,2K,FALSE,FALSE,FALSE,TRUE,FALSE,TRUE,FALSE,FALSE,FALSE,FALSE,FALSE,FALSE,FALSE,FALSE,FALSE,FALSE,FALSE,FALSE,5,620X01012K000XVV,C000XVV2,2022,1120,1120,5,runTASCompute,,
perf_dc_620X_22,PerfTester#4,3FM,Yes,Division,PERFORMANCE TESTING--DO NOT CHANGE(LARGE BINDERS),620X,2K,FALSE,FALSE,FALSE,FALSE,FALSE,TRUE,FALSE,FALSE,FALSE,FALSE,TRUE,FALSE,FALSE,FALSE,FALSE,FALSE,FALSE,FALSE,5,620X01012K000XVW,C000XVW2,2022,1120,1120,5,runFederalEfile,,
perf_dc_620X_22,PerfTester#4,3FM,Yes,Division,PERFORMANCE TESTING--DO NOT CHANGE(LARGE BINDERS),620X,2K,FALSE,FALSE,FALSE,FALSE,FALSE,TRUE,FALSE,FALSE,TRUE,FALSE,FALSE,FALSE,FALSE,FALSE,FALSE,FALSE,FALSE,FALSE,5,620X01012K000XW2,C000XW22,2022,1120,1120,5,getScreenData,,
perf_dc_620X_22,PerfTester#4,3FM,Yes,Division,PERFORMANCE TESTING--DO NOT CHANGE(LARGE BINDERS),620X,2K,FALSE,FALSE,FALSE,FALSE,FALSE,TRUE,FALSE,FALSE,FALSE,FALSE,FALSE,FALSE,TRUE,FALSE,FALSE,FALSE,FALSE,FALSE,5,620X01012K000XW5,C000XW52,2022,1120,1120,5,runEfileErrorCheck,,
perf_dc_620X_22,PerfTester#4,3FM,Yes,Division,PERFORMANCE TESTING--DO NOT CHANGE(LARGE BINDERS),620X,2K,FALSE,FALSE,FALSE,FALSE,FALSE,TRUE,FALSE,FALSE,FALSE,FALSE,FALSE,FALSE,FALSE,TRUE,FALSE,FALSE,FALSE,FALSE,5,620X01012K000XXP,C000XXP2,2022,1120,1120,5,runWebPrint,,
perf_dc_620X_22,PerfTester#4,3FM,Yes,Division,PERFORMANCE TESTING--DO NOT CHANGE(LARGE BINDERS),620X,2K,FALSE,FALSE,FALSE,FALSE,FALSE,TRUE,FALSE,FALSE,FALSE,FALSE,FALSE,FALSE,FALSE,FALSE,FALSE,FALSE,FALSE,FALSE,5,620X01012K000XXE,C000XXE2,2022,1120,1120,5,Dccalls,,
perf_dc_620X_22,PerfTester#4,3FM,Yes,Division,PERFORMANCE TESTING--DO NOT CHANGE(LARGE BINDERS),620X,2K,FALSE,FALSE,FALSE,FALSE,FALSE,TRUE,FALSE,FALSE,FALSE,FALSE,FALSE,FALSE,FALSE,FALSE,FALSE,FALSE,FALSE,FALSE,5,620X01012K000XWM,C000XWM2,2022,1120,1120,5,Dccalls,,
perf_dc_620X_22,PerfTester#4,3FM,Yes,Division,PERFORMANCE TESTING--DO NOT CHANGE(LARGE BINDERS),620X,2K,FALSE,FALSE,FALSE,FALSE,FALSE,TRUE,FALSE,FALSE,TRUE,FALSE,FALSE,FALSE,FALSE,FALSE,FALSE,FALSE,FALSE,FALSE,5,620X01012K000XWC,C000XWC2,2022,1120,1120,5,getScreenData,,
perf_dc_620X_22,PerfTester#4,3FM,Yes,Division,PERFORMANCE TESTING--DO NOT CHANGE(LARGE BINDERS),620X,2K,FALSE,FALSE,FALSE,FALSE,FALSE,TRUE,FALSE,FALSE,FALSE,FALSE,FALSE,FALSE,FALSE,FALSE,FALSE,TRUE,FALSE,FALSE,5,620X01012K000XWF,C000XWF2,2022,1120,1120,5,runDiagnostics,,
perf_dc_620X_22,PerfTester#4,3FM,Yes,Division,PERFORMANCE TESTING--DO NOT CHANGE(LARGE BINDERS),620X,2K,FALSE,FALSE,FALSE,FALSE,FALSE,TRUE,FALSE,FALSE,FALSE,FALSE,FALSE,FALSE,FALSE,FALSE,FALSE,TRUE,FALSE,FALSE,5,620X01012K000XWS,C000XWS2,2022,1120,1120,5,runDiagnostics,,
perf_dc_620X_22,PerfTester#4,3FM,Yes,Division,PERFORMANCE TESTING--DO NOT CHANGE(LARGE BINDERS),620X,2K,FALSE,FALSE,FALSE,FALSE,FALSE,TRUE,FALSE,FALSE,FALSE,FALSE,FALSE,FALSE,FALSE,FALSE,FALSE,TRUE,FALSE,FALSE,5,620X01012K000XXV,C000XXV2,2022,1120,1120,5,runDiagnostics,,
perf_dc_620X_22,PerfTester#4,3FM,Yes,Division,PERFORMANCE TESTING--DO NOT CHANGE(LARGE BINDERS),620X,2K,FALSE,FALSE,FALSE,FALSE,FALSE,TRUE,FALSE,FALSE,FALSE,FALSE,FALSE,FALSE,TRUE,FALSE,FALSE,FALSE,FALSE,FALSE,5,620X01012K000XWE,C000XWE2,2022,1120,1120,5,runEfileErrorCheck,,
perf_dc_620X_22,PerfTester#4,3FM,Yes,Division,PERFORMANCE TESTING--DO NOT CHANGE(LARGE BINDERS),620X,2K,FALSE,FALSE,FALSE,FALSE,FALSE,TRUE,FALSE,FALSE,FALSE,FALSE,FALSE,TRUE,FALSE,FALSE,FALSE,FALSE,FALSE,FALSE,5,620X01012K000XWU,C000XWU2,2022,1120,1120,5,runStateEfile,,
perf_dc_620X_22,PerfTester#4,3FM,Yes,Division,PERFORMANCE TESTING--DO NOT CHANGE(LARGE BINDERS),620X,2K,FALSE,FALSE,FALSE,FALSE,FALSE,TRUE,FALSE,FALSE,FALSE,FALSE,FALSE,FALSE,TRUE,FALSE,FALSE,FALSE,FALSE,FALSE,5,620X01012K000XWK,C000XWK2,2022,1120,1120,5,runEfileErrorCheck,,
perf_dc_620X_22,PerfTester#4,3FM,Yes,Division,PERFORMANCE TESTING--DO NOT CHANGE(LARGE BINDERS),620X,2K,FALSE,FALSE,FALSE,FALSE,FALSE,TRUE,FALSE,FALSE,FALSE,FALSE,FALSE,TRUE,FALSE,FALSE,FALSE,FALSE,FALSE,FALSE,5,620X01012K000XW3,C000XW32,2022,1120,1120,5,runStateEfile,,
perf_dc_620X_22,PerfTester#4,3FM,Yes,Division,PERFORMANCE TESTING--DO NOT CHANGE(LARGE BINDERS),620X,2K,FALSE,FALSE,FALSE,FALSE,FALSE,TRUE,FALSE,TRUE,FALSE,FALSE,FALSE,FALSE,FALSE,FALSE,FALSE,FALSE,FALSE,FALSE,5,620X01012K000XWA,C000XWA2,2022,1120,1120,5,putCalls,,
perf_dc_620X_22,PerfTester#4,3FM,Yes,Division,PERFORMANCE TESTING--DO NOT CHANGE(LARGE BINDERS),620X,2K,FALSE,FALSE,FALSE,TRUE,FALSE,TRUE,FALSE,FALSE,FALSE,FALSE,FALSE,FALSE,FALSE,FALSE,FALSE,FALSE,FALSE,FALSE,5,620X01012K000XW4,C000XW42,2022,1120,1120,5,runTASCompute,,
perf_dc_620X_22,PerfTester#4,3FM,Yes,Division,PERFORMANCE TESTING--DO NOT CHANGE(LARGE BINDERS),620X,2K,FALSE,FALSE,FALSE,FALSE,FALSE,TRUE,FALSE,FALSE,FALSE,FALSE,TRUE,FALSE,FALSE,FALSE,FALSE,FALSE,FALSE,FALSE,5,620X01012K000XW9,C000XW92,2022,1120,1120,5,runFederalEfile,,
perf_dc_620X_22,PerfTester#4,3FM,Yes,Division,PERFORMANCE TESTING--DO NOT CHANGE(LARGE BINDERS),620X,2K,FALSE,FALSE,FALSE,TRUE,FALSE,TRUE,FALSE,FALSE,FALSE,FALSE,FALSE,FALSE,FALSE,FALSE,FALSE,FALSE,FALSE,FALSE,5,620X01012K000XWT,C000XWT2,2022,1120,1120,5,runTASCompute,,
perf_dc_620X_22,PerfTester#4,3FM,Yes,Division,PERFORMANCE TESTING--DO NOT CHANGE(LARGE BINDERS),620X,2K,FALSE,FALSE,FALSE,FALSE,FALSE,TRUE,FALSE,FALSE,FALSE,FALSE,FALSE,FALSE,FALSE,FALSE,FALSE,TRUE,FALSE,FALSE,5,620X01012K000XWH,C000XWH2,2022,1120,1120,5,runDiagnostics,,
perf_dc_620X_22,PerfTester#4,3FM,Yes,Division,PERFORMANCE TESTING--DO NOT CHANGE(LARGE BINDERS),620X,2K,FALSE,FALSE,FALSE,FALSE,FALSE,TRUE,FALSE,FALSE,FALSE,FALSE,FALSE,FALSE,FALSE,FALSE,FALSE,FALSE,FALSE,FALSE,5,620X01012K000XWR,C000XWR2,2022,1120,1120,5,Dccalls,,
perf_dc_620X_22,PerfTester#4,3FM,Yes,Division,PERFORMANCE TESTING--DO NOT CHANGE(LARGE BINDERS),620X,2K,FALSE,FALSE,FALSE,TRUE,FALSE,TRUE,FALSE,FALSE,FALSE,FALSE,FALSE,FALSE,FALSE,FALSE,FALSE,FALSE,FALSE,FALSE,5,620X01012K000XX1,C000XX12,2022,1120,1120,5,runTASCompute,,
perf_dc_620X_22,PerfTester#4,3FM,Yes,Division,PERFORMANCE TESTING--DO NOT CHANGE(LARGE BINDERS),620X,2K,FALSE,FALSE,FALSE,FALSE,FALSE,TRUE,FALSE,TRUE,FALSE,FALSE,FALSE,FALSE,FALSE,FALSE,FALSE,FALSE,FALSE,FALSE,5,620X01012K000XWL,C000XWL2,2022,1120,1120,5,putCalls,,
perf_dc_620X_22,PerfTester#4,3FM,Yes,Division,PERFORMANCE TESTING--DO NOT CHANGE(LARGE BINDERS),620X,2K,FALSE,FALSE,FALSE,FALSE,FALSE,TRUE,FALSE,FALSE,FALSE,FALSE,FALSE,FALSE,FALSE,TRUE,FALSE,FALSE,FALSE,FALSE,5,620X01012K000XX2,C000XX22,2022,1120,1120,5,runWebPrint,,
perf_dc_620X_22,PerfTester#4,3FM,Yes,Division,PERFORMANCE TESTING--DO NOT CHANGE(LARGE BINDERS),620X,2K,FALSE,FALSE,FALSE,FALSE,FALSE,TRUE,FALSE,FALSE,FALSE,FALSE,FALSE,TRUE,FALSE,FALSE,FALSE,FALSE,FALSE,FALSE,5,620X01012K000XWP,C000XWP2,2022,1120,1120,5,runStateEfile,,
perf_dc_620X_22,PerfTester#4,3FM,Yes,Division,PERFORMANCE TESTING--DO NOT CHANGE(LARGE BINDERS),620X,2K,FALSE,FALSE,FALSE,FALSE,FALSE,TRUE,FALSE,FALSE,FALSE,FALSE,FALSE,FALSE,FALSE,TRUE,FALSE,FALSE,FALSE,FALSE,5,620X01012K000XWV,C000XWV2,2022,1120,1120,5,runWebPrint,,
perf_dc_620X_22,PerfTester#4,3FM,Yes,Division,PERFORMANCE TESTING--DO NOT CHANGE(LARGE BINDERS),620X,2K,FALSE,FALSE,FALSE,FALSE,FALSE,TRUE,FALSE,FALSE,FALSE,FALSE,FALSE,FALSE,FALSE,TRUE,FALSE,FALSE,FALSE,FALSE,5,620X01012K000XWX,C000XWX2,2022,1120,1120,5,runWebPrint,,
perf_dc_620X_22,PerfTester#4,3FM,Yes,Division,PERFORMANCE TESTING--DO NOT CHANGE(LARGE BINDERS),620X,2K,FALSE,FALSE,FALSE,FALSE,FALSE,TRUE,FALSE,FALSE,FALSE,FALSE,FALSE,FALSE,FALSE,TRUE,FALSE,FALSE,FALSE,FALSE,5,620X01012K000XWJ,C000XWJ2,2022,1120,1120,5,runWebPrint,,
perf_dc_620X_22,PerfTester#4,3FM,Yes,Division,PERFORMANCE TESTING--DO NOT CHANGE(LARGE BINDERS),620X,2K,FALSE,FALSE,FALSE,FALSE,FALSE,TRUE,FALSE,FALSE,FALSE,FALSE,FALSE,TRUE,FALSE,FALSE,FALSE,FALSE,FALSE,FALSE,5,620X01012K000XWQ,C000XWQ2,2022,1120,1120,5,runStateEfile,,
perf_dc_620X_22,PerfTester#4,3FM,Yes,Division,PERFORMANCE TESTING--DO NOT CHANGE(LARGE BINDERS),620X,2K,FALSE,FALSE,FALSE,FALSE,FALSE,TRUE,FALSE,TRUE,FALSE,FALSE,FALSE,FALSE,FALSE,FALSE,FALSE,FALSE,FALSE,FALSE,5,620X01012K000XX9,C000XX92,2022,1120,1120,5,putCalls,,
perf_dc_620X_22,PerfTester#4,3FM,Yes,Division,PERFORMANCE TESTING--DO NOT CHANGE(LARGE BINDERS),620X,2K,FALSE,FALSE,FALSE,FALSE,FALSE,TRUE,FALSE,TRUE,FALSE,FALSE,FALSE,FALSE,FALSE,FALSE,FALSE,FALSE,FALSE,FALSE,5,620X01012K000XXC,C000XXC2,2022,1120,1120,5,putCalls,,
perf_dc_620X_22,PerfTester#4,3FM,Yes,Division,PERFORMANCE TESTING--DO NOT CHANGE(LARGE BINDERS),620X,2K,FALSE,FALSE,FALSE,FALSE,FALSE,TRUE,FALSE,FALSE,FALSE,FALSE,FALSE,FALSE,FALSE,TRUE,FALSE,FALSE,FALSE,FALSE,5,620X01012K000XX4,C000XX42,2022,1120,1120,5,runWebPrint,,
perf_dc_620X_22,PerfTester#4,3FM,Yes,Division,PERFORMANCE TESTING--DO NOT CHANGE(LARGE BINDERS),620X,2K,FALSE,FALSE,FALSE,FALSE,FALSE,TRUE,FALSE,FALSE,TRUE,FALSE,FALSE,FALSE,FALSE,FALSE,FALSE,FALSE,FALSE,FALSE,5,620X01012K000XXN,C000XXN2,2022,1120,1120,5,getScreenData,,
perf_dc_620X_22,PerfTester#4,3FM,Yes,Division,PERFORMANCE TESTING--DO NOT CHANGE(LARGE BINDERS),620X,2K,FALSE,FALSE,FALSE,FALSE,FALSE,TRUE,FALSE,FALSE,FALSE,FALSE,FALSE,FALSE,FALSE,TRUE,FALSE,FALSE,FALSE,FALSE,5,620X01012K000XXG,C000XXG2,2022,1120,1120,5,runWebPrint,,
perf_dc_620X_22,PerfTester#4,3FM,Yes,Division,PERFORMANCE TESTING--DO NOT CHANGE(LARGE BINDERS),620X,2K,FALSE,FALSE,FALSE,FALSE,FALSE,TRUE,FALSE,FALSE,FALSE,FALSE,FALSE,FALSE,FALSE,FALSE,FALSE,FALSE,FALSE,FALSE,5,620X01012K000XWI,C000XWI2,2022,1120,1120,5,Dccalls,,
perf_dc_620X_22,PerfTester#4,3FM,Yes,Division,PERFORMANCE TESTING--DO NOT CHANGE(LARGE BINDERS),620X,2K,FALSE,FALSE,FALSE,TRUE,FALSE,TRUE,FALSE,FALSE,FALSE,FALSE,FALSE,FALSE,FALSE,FALSE,FALSE,FALSE,FALSE,FALSE,5,620X01012K000XX5,C000XX52,2022,1120,1120,5,runTASCompute,,
perf_dc_620X_22,PerfTester#4,3FM,Yes,Division,PERFORMANCE TESTING--DO NOT CHANGE(LARGE BINDERS),620X,2K,FALSE,FALSE,FALSE,FALSE,FALSE,TRUE,FALSE,FALSE,TRUE,FALSE,FALSE,FALSE,FALSE,FALSE,FALSE,FALSE,FALSE,FALSE,5,620X01012K000XWO,C000XWO2,2022,1120,1120,5,getScreenData,,
perf_dc_620X_22,PerfTester#4,3FM,Yes,Division,PERFORMANCE TESTING--DO NOT CHANGE(LARGE BINDERS),620X,2K,FALSE,FALSE,FALSE,FALSE,FALSE,TRUE,FALSE,FALSE,FALSE,FALSE,FALSE,FALSE,FALSE,TRUE,FALSE,FALSE,FALSE,FALSE,5,620X01012K000XX7,C000XX72,2022,1120,1120,5,runWebPrint,,
perf_dc_620X_22,PerfTester#4,3FM,Yes,Division,PERFORMANCE TESTING--DO NOT CHANGE(LARGE BINDERS),620X,2K,FALSE,FALSE,FALSE,FALSE,FALSE,TRUE,FALSE,FALSE,FALSE,FALSE,TRUE,FALSE,FALSE,FALSE,FALSE,FALSE,FALSE,FALSE,5,620X01012K000XXK,C000XXK2,2022,1120,1120,5,runFederalEfile,,
perf_dc_620X_22,PerfTester#4,3FM,Yes,Division,PERFORMANCE TESTING--DO NOT CHANGE(LARGE BINDERS),620X,2K,FALSE,FALSE,FALSE,FALSE,FALSE,TRUE,FALSE,FALSE,FALSE,FALSE,FALSE,FALSE,FALSE,TRUE,FALSE,FALSE,FALSE,FALSE,5,620X01012K000XY0,C000XY02,2022,1120,1120,5,runWebPrint,,
perf_dc_620X_22,PerfTester#4,3FM,Yes,Division,PERFORMANCE TESTING--DO NOT CHANGE(LARGE BINDERS),620X,2K,FALSE,FALSE,FALSE,FALSE,FALSE,TRUE,FALSE,FALSE,FALSE,FALSE,FALSE,FALSE,TRUE,FALSE,FALSE,FALSE,FALSE,FALSE,5,620X01012K000XX0,C000XX02,2022,1120,1120,5,runEfileErrorCheck,,
perf_dc_620X_22,PerfTester#4,3FM,Yes,Division,PERFORMANCE TESTING--DO NOT CHANGE(LARGE BINDERS),620X,2K,FALSE,FALSE,FALSE,FALSE,FALSE,TRUE,FALSE,FALSE,FALSE,FALSE,FALSE,FALSE,FALSE,FALSE,FALSE,FALSE,FALSE,FALSE,5,620X01012K000XYA,C000XYA2,2022,1120,1120,5,Dccalls,,
perf_dc_620X_22,PerfTester#4,3FM,Yes,Division,PERFORMANCE TESTING--DO NOT CHANGE(LARGE BINDERS),620X,2K,FALSE,FALSE,FALSE,FALSE,FALSE,TRUE,FALSE,FALSE,FALSE,FALSE,FALSE,FALSE,FALSE,TRUE,FALSE,FALSE,FALSE,FALSE,5,620X01012K000XXD,C000XXD2,2022,1120,1120,5,runWebPrint,,
perf_dc_620X_22,PerfTester#4,3FM,Yes,Division,PERFORMANCE TESTING--DO NOT CHANGE(LARGE BINDERS),620X,2K,FALSE,FALSE,FALSE,FALSE,FALSE,TRUE,FALSE,FALSE,FALSE,FALSE,FALSE,FALSE,FALSE,FALSE,FALSE,FALSE,FALSE,FALSE,5,620X01012K000XXJ,C000XXJ2,2022,1120,1120,5,Dccalls,,
perf_dc_620X_22,PerfTester#4,3FM,Yes,Division,PERFORMANCE TESTING--DO NOT CHANGE(LARGE BINDERS),620X,2K,FALSE,FALSE,FALSE,FALSE,FALSE,TRUE,FALSE,FALSE,FALSE,FALSE,TRUE,FALSE,FALSE,FALSE,FALSE,FALSE,FALSE,FALSE,5,620X01012K000XWN,C000XWN2,2022,1120,1120,5,runFederalEfile,,
perf_dc_620X_22,PerfTester#4,3FM,Yes,Division,PERFORMANCE TESTING--DO NOT CHANGE(LARGE BINDERS),620X,2K,FALSE,FALSE,FALSE,TRUE,FALSE,TRUE,FALSE,FALSE,FALSE,FALSE,FALSE,FALSE,FALSE,FALSE,FALSE,FALSE,FALSE,FALSE,5,620X01012K000XWZ,C000XWZ2,2022,1120,1120,5,runTASCompute,,
perf_dc_620X_22,PerfTester#4,3FM,Yes,Division,PERFORMANCE TESTING--DO NOT CHANGE(LARGE BINDERS),620X,2K,FALSE,FALSE,FALSE,FALSE,FALSE,TRUE,FALSE,TRUE,FALSE,FALSE,FALSE,FALSE,FALSE,FALSE,FALSE,FALSE,FALSE,FALSE,5,620X01012K000XWW,C000XWW2,2022,1120,1120,5,putCalls,,
perf_dc_620X_22,PerfTester#4,3FM,Yes,Division,PERFORMANCE TESTING--DO NOT CHANGE(LARGE BINDERS),620X,2K,FALSE,FALSE,FALSE,FALSE,FALSE,TRUE,FALSE,FALSE,TRUE,FALSE,FALSE,FALSE,FALSE,FALSE,FALSE,FALSE,FALSE,FALSE,5,620X01012K000XYD,C000XYD2,2022,1120,1120,5,getScreenData,,
perf_dc_620X_22,PerfTester#4,3FM,Yes,Division,PERFORMANCE TESTING--DO NOT CHANGE(LARGE BINDERS),620X,2K,FALSE,FALSE,FALSE,FALSE,FALSE,TRUE,FALSE,FALSE,FALSE,FALSE,FALSE,FALSE,FALSE,TRUE,FALSE,FALSE,FALSE,FALSE,5,620X01012K000XXU,C000XXU2,2022,1120,1120,5,runWebPrint,,
perf_dc_620X_22,PerfTester#4,3FM,Yes,Division,PERFORMANCE TESTING--DO NOT CHANGE(LARGE BINDERS),620X,2K,FALSE,FALSE,FALSE,FALSE,FALSE,TRUE,FALSE,TRUE,FALSE,FALSE,FALSE,FALSE,FALSE,FALSE,FALSE,FALSE,FALSE,FALSE,5,620X01012K000XWY,C000XWY2,2022,1120,1120,5,putCalls,,
perf_dc_620X_22,PerfTester#4,3FM,Yes,Division,PERFORMANCE TESTING--DO NOT CHANGE(LARGE BINDERS),620X,2K,FALSE,FALSE,FALSE,FALSE,FALSE,TRUE,FALSE,FALSE,FALSE,FALSE,FALSE,FALSE,FALSE,FALSE,FALSE,TRUE,FALSE,FALSE,5,620X01012K000XXR,C000XXR2,2022,1120,1120,5,runDiagnostics,,
perf_dc_620X_22,PerfTester#4,3FM,Yes,Division,PERFORMANCE TESTING--DO NOT CHANGE(LARGE BINDERS),620X,2K,FALSE,FALSE,FALSE,FALSE,FALSE,TRUE,FALSE,FALSE,FALSE,FALSE,FALSE,FALSE,FALSE,FALSE,FALSE,TRUE,FALSE,FALSE,5,620X01012K000XX8,C000XX82,2022,1120,1120,5,runDiagnostics,,
perf_dc_620X_22,PerfTester#4,3FM,Yes,Division,PERFORMANCE TESTING--DO NOT CHANGE(LARGE BINDERS),620X,2K,FALSE,FALSE,FALSE,TRUE,FALSE,TRUE,FALSE,FALSE,FALSE,FALSE,FALSE,FALSE,FALSE,FALSE,FALSE,FALSE,FALSE,FALSE,5,620X01012K000XXA,C000XXA2,2022,1120,1120,5,runTASCompute,,
perf_dc_620X_22,PerfTester#4,3FM,Yes,Division,PERFORMANCE TESTING--DO NOT CHANGE(LARGE BINDERS),620X,2K,FALSE,FALSE,FALSE,FALSE,FALSE,TRUE,FALSE,FALSE,FALSE,FALSE,FALSE,FALSE,FALSE,TRUE,FALSE,FALSE,FALSE,FALSE,5,620X01012K000XY1,C000XY12,2022,1120,1120,5,runWebPrint,,
perf_dc_620X_22,PerfTester#4,3FM,Yes,Division,PERFORMANCE TESTING--DO NOT CHANGE(LARGE BINDERS),620X,2K,FALSE,FALSE,FALSE,TRUE,FALSE,TRUE,FALSE,FALSE,FALSE,FALSE,FALSE,FALSE,FALSE,FALSE,FALSE,FALSE,FALSE,FALSE,5,620X01012K000XX3,C000XX32,2022,1120,1120,5,runTASCompute,,
perf_dc_620X_22,PerfTester#4,3FM,Yes,Division,PERFORMANCE TESTING--DO NOT CHANGE(LARGE BINDERS),620X,2K,FALSE,FALSE,FALSE,FALSE,FALSE,TRUE,FALSE,FALSE,FALSE,FALSE,FALSE,FALSE,FALSE,FALSE,FALSE,TRUE,FALSE,FALSE,5,620X01012K000XXM,C000XXM2,2022,1120,1120,5,runDiagnostics,,
perf_dc_620X_22,PerfTester#4,3FM,Yes,Division,PERFORMANCE TESTING--DO NOT CHANGE(LARGE BINDERS),620X,2K,FALSE,FALSE,FALSE,FALSE,FALSE,TRUE,FALSE,FALSE,FALSE,FALSE,FALSE,FALSE,TRUE,FALSE,FALSE,FALSE,FALSE,FALSE,5,620X01012K000XXT,C000XXT2,2022,1120,1120,5,runEfileErrorCheck,,
perf_dc_620X_22,PerfTester#4,3FM,Yes,Division,PERFORMANCE TESTING--DO NOT CHANGE(LARGE BINDERS),620X,2K,FALSE,FALSE,FALSE,FALSE,FALSE,TRUE,FALSE,FALSE,FALSE,FALSE,FALSE,FALSE,TRUE,FALSE,FALSE,FALSE,FALSE,FALSE,5,620X01012K000XXX,C000XXX2,2022,1120,1120,5,runEfileErrorCheck,,
perf_dc_620X_22,PerfTester#4,3FM,Yes,Division,PERFORMANCE TESTING--DO NOT CHANGE(LARGE BINDERS),620X,2K,FALSE,FALSE,FALSE,FALSE,FALSE,TRUE,FALSE,FALSE,FALSE,FALSE,FALSE,FALSE,TRUE,FALSE,FALSE,FALSE,FALSE,FALSE,5,620X01012K000XX6,C000XX62,2022,1120,1120,5,runEfileErrorCheck,,
perf_dc_620X_22,PerfTester#4,3FM,Yes,Division,PERFORMANCE TESTING--DO NOT CHANGE(LARGE BINDERS),620X,2K,FALSE,FALSE,FALSE,FALSE,FALSE,TRUE,FALSE,FALSE,FALSE,FALSE,TRUE,FALSE,FALSE,FALSE,FALSE,FALSE,FALSE,FALSE,5,620X01012K000XYS,C000XYS2,2022,1120,1120,5,runFederalEfile,,
perf_dc_620X_22,PerfTester#4,3FM,Yes,Division,PERFORMANCE TESTING--DO NOT CHANGE(LARGE BINDERS),620X,2K,FALSE,FALSE,FALSE,FALSE,FALSE,TRUE,FALSE,FALSE,FALSE,FALSE,FALSE,TRUE,FALSE,FALSE,FALSE,FALSE,FALSE,FALSE,5,620X01012K000XYK,C000XYK2,2022,1120,1120,5,runStateEfile,,
perf_dc_620X_22,PerfTester#4,3FM,Yes,Division,PERFORMANCE TESTING--DO NOT CHANGE(LARGE BINDERS),620X,2K,FALSE,FALSE,FALSE,FALSE,FALSE,TRUE,FALSE,FALSE,FALSE,FALSE,FALSE,FALSE,TRUE,FALSE,FALSE,FALSE,FALSE,FALSE,5,620X01012K000XXQ,C000XXQ2,2022,1120,1120,5,runEfileErrorCheck,,
perf_dc_620X_22,PerfTester#4,3FM,Yes,Division,PERFORMANCE TESTING--DO NOT CHANGE(LARGE BINDERS),620X,2K,FALSE,FALSE,FALSE,FALSE,FALSE,TRUE,FALSE,FALSE,TRUE,FALSE,FALSE,FALSE,FALSE,FALSE,FALSE,FALSE,FALSE,FALSE,5,620X01012K000XYF,C000XYF2,2022,1120,1120,5,getScreenData,,
perf_dc_620X_22,PerfTester#4,3FM,Yes,Division,PERFORMANCE TESTING--DO NOT CHANGE(LARGE BINDERS),620X,2K,FALSE,FALSE,FALSE,FALSE,FALSE,TRUE,FALSE,TRUE,FALSE,FALSE,FALSE,FALSE,FALSE,FALSE,FALSE,FALSE,FALSE,FALSE,5,620X01012K000XYB,C000XYB2,2022,1120,1120,5,putCalls,,
perf_dc_620X_22,PerfTester#4,3FM,Yes,Division,PERFORMANCE TESTING--DO NOT CHANGE(LARGE BINDERS),620X,2K,FALSE,FALSE,FALSE,FALSE,FALSE,TRUE,FALSE,FALSE,TRUE,FALSE,FALSE,FALSE,FALSE,FALSE,FALSE,FALSE,FALSE,FALSE,5,620X01012K000XY8,C000XY82,2022,1120,1120,5,getScreenData,,
perf_dc_620X_22,PerfTester#4,3FM,Yes,Division,PERFORMANCE TESTING--DO NOT CHANGE(LARGE BINDERS),620X,2K,FALSE,FALSE,FALSE,FALSE,FALSE,TRUE,FALSE,FALSE,FALSE,FALSE,FALSE,FALSE,FALSE,FALSE,FALSE,FALSE,FALSE,FALSE,5,620X01012K000XXB,C000XXB2,2022,1120,1120,5,Dccalls,,
perf_dc_620X_22,PerfTester#4,3FM,Yes,Division,PERFORMANCE TESTING--DO NOT CHANGE(LARGE BINDERS),620X,2K,FALSE,FALSE,FALSE,FALSE,FALSE,TRUE,FALSE,FALSE,FALSE,FALSE,FALSE,TRUE,FALSE,FALSE,FALSE,FALSE,FALSE,FALSE,5,620X01012K000XXI,C000XXI2,2022,1120,1120,5,runStateEfile,,
perf_dc_620X_22,PerfTester#4,3FM,Yes,Division,PERFORMANCE TESTING--DO NOT CHANGE(LARGE BINDERS),620X,2K,FALSE,FALSE,FALSE,TRUE,FALSE,TRUE,FALSE,FALSE,FALSE,FALSE,FALSE,FALSE,FALSE,FALSE,FALSE,FALSE,FALSE,FALSE,5,620X01012K000XXH,C000XXH2,2022,1120,1120,5,runTASCompute,,
perf_dc_620X_22,PerfTester#4,3FM,Yes,Division,PERFORMANCE TESTING--DO NOT CHANGE(LARGE BINDERS),620X,2K,FALSE,FALSE,FALSE,FALSE,FALSE,TRUE,FALSE,FALSE,FALSE,FALSE,FALSE,FALSE,FALSE,FALSE,FALSE,TRUE,FALSE,FALSE,5,620X01012K000XY4,C000XY42,2022,1120,1120,5,runDiagnostics,,
perf_dc_620X_22,PerfTester#4,3FM,Yes,Division,PERFORMANCE TESTING--DO NOT CHANGE(LARGE BINDERS),620X,2K,FALSE,FALSE,FALSE,FALSE,FALSE,TRUE,FALSE,FALSE,FALSE,FALSE,TRUE,FALSE,FALSE,FALSE,FALSE,FALSE,FALSE,FALSE,5,620X01012K000XXF,C000XXF2,2022,1120,1120,5,runFederalEfile,,
perf_dc_620X_22,PerfTester#4,3FM,Yes,Division,PERFORMANCE TESTING--DO NOT CHANGE(LARGE BINDERS),620X,2K,FALSE,FALSE,FALSE,FALSE,FALSE,TRUE,FALSE,FALSE,FALSE,FALSE,FALSE,FALSE,FALSE,FALSE,FALSE,FALSE,FALSE,FALSE,5,620X01012K000XXS,C000XXS2,2022,1120,1120,5,Dccalls,,
perf_dc_620X_22,PerfTester#4,3FM,Yes,Division,PERFORMANCE TESTING--DO NOT CHANGE(LARGE BINDERS),620X,2K,FALSE,FALSE,FALSE,FALSE,FALSE,TRUE,FALSE,TRUE,FALSE,FALSE,FALSE,FALSE,FALSE,FALSE,FALSE,FALSE,FALSE,FALSE,5,620X01012K000XY2,C000XY22,2022,1120,1120,5,putCalls,,
perf_dc_620X_22,PerfTester#4,3FM,Yes,Division,PERFORMANCE TESTING--DO NOT CHANGE(LARGE BINDERS),620X,2K,FALSE,FALSE,FALSE,FALSE,FALSE,TRUE,FALSE,FALSE,FALSE,FALSE,FALSE,FALSE,FALSE,TRUE,FALSE,FALSE,FALSE,FALSE,5,620X01012K000XZB,C000XZB2,2022,1120,1120,5,runWebPrint,,
perf_dc_620X_22,PerfTester#4,3FM,Yes,Division,PERFORMANCE TESTING--DO NOT CHANGE(LARGE BINDERS),620X,2K,FALSE,FALSE,FALSE,FALSE,FALSE,TRUE,FALSE,FALSE,FALSE,FALSE,FALSE,FALSE,FALSE,FALSE,FALSE,TRUE,FALSE,FALSE,5,620X01012K000XY5,C000XY52,2022,1120,1120,5,runDiagnostics,,
perf_dc_620X_22,PerfTester#4,3FM,Yes,Division,PERFORMANCE TESTING--DO NOT CHANGE(LARGE BINDERS),620X,2K,FALSE,FALSE,FALSE,FALSE,FALSE,TRUE,FALSE,FALSE,TRUE,FALSE,FALSE,FALSE,FALSE,FALSE,FALSE,FALSE,FALSE,FALSE,5,620X01012K000XXL,C000XXL2,2022,1120,1120,5,getScreenData,,
perf_dc_620X_22,PerfTester#4,3FM,Yes,Division,PERFORMANCE TESTING--DO NOT CHANGE(LARGE BINDERS),620X,2K,FALSE,FALSE,FALSE,FALSE,FALSE,TRUE,FALSE,FALSE,FALSE,FALSE,FALSE,FALSE,FALSE,FALSE,FALSE,FALSE,FALSE,FALSE,5,620X01012K000XXZ,C000XXZ2,2022,1120,1120,5,Dccalls,,
perf_dc_620X_22,PerfTester#4,3FM,Yes,Division,PERFORMANCE TESTING--DO NOT CHANGE(LARGE BINDERS),620X,2K,FALSE,FALSE,FALSE,FALSE,FALSE,TRUE,FALSE,TRUE,FALSE,FALSE,FALSE,FALSE,FALSE,FALSE,FALSE,FALSE,FALSE,FALSE,5,620X01012K000XYI,C000XYI2,2022,1120,1120,5,putCalls,,
perf_dc_620X_22,PerfTester#4,3FM,Yes,Division,PERFORMANCE TESTING--DO NOT CHANGE(LARGE BINDERS),620X,2K,FALSE,FALSE,FALSE,FALSE,FALSE,TRUE,FALSE,FALSE,TRUE,FALSE,FALSE,FALSE,FALSE,FALSE,FALSE,FALSE,FALSE,FALSE,5,620X01012K000XY7,C000XY72,2022,1120,1120,5,getScreenData,,
perf_dc_620X_22,PerfTester#4,3FM,Yes,Division,PERFORMANCE TESTING--DO NOT CHANGE(LARGE BINDERS),620X,2K,FALSE,FALSE,FALSE,FALSE,FALSE,TRUE,FALSE,FALSE,FALSE,FALSE,FALSE,FALSE,TRUE,FALSE,FALSE,FALSE,FALSE,FALSE,5,620X01012K000XZG,C000XZG2,2022,1120,1120,5,runEfileErrorCheck,,
perf_dc_620X_22,PerfTester#4,3FM,Yes,Division,PERFORMANCE TESTING--DO NOT CHANGE(LARGE BINDERS),620X,2K,FALSE,FALSE,FALSE,FALSE,FALSE,TRUE,FALSE,FALSE,FALSE,FALSE,FALSE,FALSE,TRUE,FALSE,FALSE,FALSE,FALSE,FALSE,5,620X01012K000XYY,C000XYY2,2022,1120,1120,5,runEfileErrorCheck,,
perf_dc_620X_22,PerfTester#4,3FM,Yes,Division,PERFORMANCE TESTING--DO NOT CHANGE(LARGE BINDERS),620X,2K,FALSE,FALSE,FALSE,FALSE,FALSE,TRUE,FALSE,FALSE,FALSE,FALSE,FALSE,FALSE,FALSE,FALSE,FALSE,TRUE,FALSE,FALSE,5,620X01012K000XYC,C000XYC2,2022,1120,1120,5,runDiagnostics,,
perf_dc_620X_22,PerfTester#4,3FM,Yes,Division,PERFORMANCE TESTING--DO NOT CHANGE(LARGE BINDERS),620X,2K,FALSE,FALSE,FALSE,FALSE,FALSE,TRUE,FALSE,FALSE,FALSE,FALSE,TRUE,FALSE,FALSE,FALSE,FALSE,FALSE,FALSE,FALSE,5,620X01012K000XYN,C000XYN2,2022,1120,1120,5,runFederalEfile,,
perf_dc_620X_22,PerfTester#4,3FM,Yes,Division,PERFORMANCE TESTING--DO NOT CHANGE(LARGE BINDERS),620X,2K,FALSE,FALSE,FALSE,FALSE,FALSE,TRUE,FALSE,FALSE,FALSE,FALSE,FALSE,TRUE,FALSE,FALSE,FALSE,FALSE,FALSE,FALSE,5,620X01012K000XZ2,C000XZ22,2022,1120,1120,5,runStateEfile,,
perf_dc_620X_22,PerfTester#4,3FM,Yes,Division,PERFORMANCE TESTING--DO NOT CHANGE(LARGE BINDERS),620X,2K,FALSE,FALSE,FALSE,FALSE,FALSE,TRUE,FALSE,FALSE,FALSE,FALSE,FALSE,TRUE,FALSE,FALSE,FALSE,FALSE,FALSE,FALSE,5,620X01012K000XYJ,C000XYJ2,2022,1120,1120,5,runStateEfile,,
perf_dc_620X_22,PerfTester#4,3FM,Yes,Division,PERFORMANCE TESTING--DO NOT CHANGE(LARGE BINDERS),620X,2K,FALSE,FALSE,FALSE,FALSE,FALSE,TRUE,FALSE,TRUE,FALSE,FALSE,FALSE,FALSE,FALSE,FALSE,FALSE,FALSE,FALSE,FALSE,5,620X01012K000XXY,C000XXY2,2022,1120,1120,5,putCalls,,
perf_dc_620X_22,PerfTester#4,3FM,Yes,Division,PERFORMANCE TESTING--DO NOT CHANGE(LARGE BINDERS),620X,2K,FALSE,FALSE,FALSE,FALSE,FALSE,TRUE,FALSE,FALSE,FALSE,FALSE,FALSE,FALSE,FALSE,TRUE,FALSE,FALSE,FALSE,FALSE,5,620X01012K000XXW,C000XXW2,2022,1120,1120,5,runWebPrint,,
perf_dc_620X_22,PerfTester#4,3FM,Yes,Division,PERFORMANCE TESTING--DO NOT CHANGE(LARGE BINDERS),620X,2K,FALSE,FALSE,FALSE,FALSE,FALSE,TRUE,FALSE,FALSE,FALSE,FALSE,FALSE,TRUE,FALSE,FALSE,FALSE,FALSE,FALSE,FALSE,5,620X01012K000XY3,C000XY32,2022,1120,1120,5,runStateEfile,,
perf_dc_620X_22,PerfTester#4,3FM,Yes,Division,PERFORMANCE TESTING--DO NOT CHANGE(LARGE BINDERS),620X,2K,FALSE,FALSE,FALSE,FALSE,FALSE,TRUE,FALSE,FALSE,FALSE,FALSE,FALSE,FALSE,FALSE,FALSE,FALSE,FALSE,FALSE,FALSE,5,620X01012K000XYW,C000XYW2,2022,1120,1120,5,Dccalls,,
perf_dc_620X_22,PerfTester#4,3FM,Yes,Division,PERFORMANCE TESTING--DO NOT CHANGE(LARGE BINDERS),620X,2K,FALSE,FALSE,FALSE,FALSE,FALSE,TRUE,FALSE,TRUE,FALSE,FALSE,FALSE,FALSE,FALSE,FALSE,FALSE,FALSE,FALSE,FALSE,5,620X01012K000XYL,C000XYL2,2022,1120,1120,5,putCalls,,
perf_dc_620X_22,PerfTester#4,3FM,Yes,Division,PERFORMANCE TESTING--DO NOT CHANGE(LARGE BINDERS),620X,2K,FALSE,FALSE,FALSE,FALSE,FALSE,TRUE,FALSE,FALSE,FALSE,FALSE,FALSE,FALSE,FALSE,FALSE,FALSE,TRUE,FALSE,FALSE,5,620X01012K000XY9,C000XY92,2022,1120,1120,5,runDiagnostics,,
perf_dc_620X_22,PerfTester#4,3FM,Yes,Division,PERFORMANCE TESTING--DO NOT CHANGE(LARGE BINDERS),620X,2K,FALSE,FALSE,FALSE,FALSE,FALSE,TRUE,FALSE,FALSE,FALSE,FALSE,FALSE,FALSE,TRUE,FALSE,FALSE,FALSE,FALSE,FALSE,5,620X01012K000XYV,C000XYV2,2022,1120,1120,5,runEfileErrorCheck,,
perf_dc_620X_22,PerfTester#4,3FM,Yes,Division,PERFORMANCE TESTING--DO NOT CHANGE(LARGE BINDERS),620X,2K,FALSE,FALSE,FALSE,TRUE,FALSE,TRUE,FALSE,FALSE,FALSE,FALSE,FALSE,FALSE,FALSE,FALSE,FALSE,FALSE,FALSE,FALSE,5,620X01012K000XYH,C000XYH2,2022,1120,1120,5,runTASCompute,,
perf_dc_620X_22,PerfTester#4,3FM,Yes,Division,PERFORMANCE TESTING--DO NOT CHANGE(LARGE BINDERS),620X,2K,FALSE,FALSE,FALSE,FALSE,FALSE,TRUE,FALSE,TRUE,FALSE,FALSE,FALSE,FALSE,FALSE,FALSE,FALSE,FALSE,FALSE,FALSE,5,620X01012K000XYM,C000XYM2,2022,1120,1120,5,putCalls,,
perf_dc_620X_22,PerfTester#4,3FM,Yes,Division,PERFORMANCE TESTING--DO NOT CHANGE(LARGE BINDERS),620X,2K,FALSE,FALSE,FALSE,FALSE,FALSE,TRUE,FALSE,FALSE,FALSE,FALSE,FALSE,FALSE,FALSE,FALSE,FALSE,TRUE,FALSE,FALSE,5,620X01012K000XYO,C000XYO2,2022,1120,1120,5,runDiagnostics,,
perf_dc_620X_22,PerfTester#4,3FM,Yes,Division,PERFORMANCE TESTING--DO NOT CHANGE(LARGE BINDERS),620X,2K,FALSE,FALSE,FALSE,FALSE,FALSE,TRUE,FALSE,TRUE,FALSE,FALSE,FALSE,FALSE,FALSE,FALSE,FALSE,FALSE,FALSE,FALSE,5,620X01012K000XXO,C000XXO2,2022,1120,1120,5,putCalls,,
perf_dc_620X_22,PerfTester#4,3FM,Yes,Division,PERFORMANCE TESTING--DO NOT CHANGE(LARGE BINDERS),620X,2K,FALSE,FALSE,FALSE,FALSE,FALSE,TRUE,FALSE,FALSE,FALSE,FALSE,FALSE,TRUE,FALSE,FALSE,FALSE,FALSE,FALSE,FALSE,5,620X01012K000XY6,C000XY62,2022,1120,1120,5,runStateEfile,,
perf_dc_620X_22,PerfTester#4,3FM,Yes,Division,PERFORMANCE TESTING--DO NOT CHANGE(LARGE BINDERS),620X,2K,FALSE,FALSE,FALSE,FALSE,FALSE,TRUE,FALSE,FALSE,FALSE,FALSE,TRUE,FALSE,FALSE,FALSE,FALSE,FALSE,FALSE,FALSE,5,620X01012K000XYG,C000XYG2,2022,1120,1120,5,runFederalEfile,,
perf_dc_620X_22,PerfTester#4,3FM,Yes,Division,PERFORMANCE TESTING--DO NOT CHANGE(LARGE BINDERS),620X,2K,FALSE,FALSE,FALSE,FALSE,FALSE,TRUE,FALSE,FALSE,FALSE,FALSE,FALSE,FALSE,TRUE,FALSE,FALSE,FALSE,FALSE,FALSE,5,620X01012K000XZL,C000XZL2,2022,1120,1120,5,runEfileErrorCheck,,
perf_dc_620X_22,PerfTester#4,3FM,Yes,Division,PERFORMANCE TESTING--DO NOT CHANGE(LARGE BINDERS),620X,2K,FALSE,FALSE,FALSE,FALSE,FALSE,TRUE,FALSE,FALSE,FALSE,FALSE,FALSE,FALSE,TRUE,FALSE,FALSE,FALSE,FALSE,FALSE,5,620X01012K000XYX,C000XYX2,2022,1120,1120,5,runEfileErrorCheck,,
perf_dc_620X_22,PerfTester#4,3FM,Yes,Division,PERFORMANCE TESTING--DO NOT CHANGE(LARGE BINDERS),620X,2K,FALSE,FALSE,FALSE,FALSE,FALSE,TRUE,FALSE,FALSE,FALSE,FALSE,FALSE,FALSE,FALSE,TRUE,FALSE,FALSE,FALSE,FALSE,5,620X01012K000Y02,C000Y022,2022,1120,1120,5,runWebPrint,,
perf_dc_620X_22,PerfTester#4,3FM,Yes,Division,PERFORMANCE TESTING--DO NOT CHANGE(LARGE BINDERS),620X,2K,FALSE,FALSE,FALSE,FALSE,FALSE,TRUE,FALSE,FALSE,FALSE,FALSE,FALSE,FALSE,FALSE,FALSE,FALSE,FALSE,FALSE,FALSE,5,620X01012K000XYU,C000XYU2,2022,1120,1120,5,Dccalls,,
perf_dc_620X_22,PerfTester#4,3FM,Yes,Division,PERFORMANCE TESTING--DO NOT CHANGE(LARGE BINDERS),620X,2K,FALSE,FALSE,FALSE,FALSE,FALSE,TRUE,FALSE,FALSE,FALSE,FALSE,FALSE,FALSE,TRUE,FALSE,FALSE,FALSE,FALSE,FALSE,5,620X01012K000XZ1,C000XZ12,2022,1120,1120,5,runEfileErrorCheck,,
perf_dc_620X_22,PerfTester#4,3FM,Yes,Division,PERFORMANCE TESTING--DO NOT CHANGE(LARGE BINDERS),620X,2K,FALSE,FALSE,FALSE,FALSE,FALSE,TRUE,FALSE,FALSE,FALSE,FALSE,FALSE,TRUE,FALSE,FALSE,FALSE,FALSE,FALSE,FALSE,5,620X01012K000XZ3,C000XZ32,2022,1120,1120,5,runStateEfile,,
perf_dc_620X_22,PerfTester#4,3FM,Yes,Division,PERFORMANCE TESTING--DO NOT CHANGE(LARGE BINDERS),620X,2K,FALSE,FALSE,FALSE,FALSE,FALSE,TRUE,FALSE,FALSE,FALSE,FALSE,FALSE,TRUE,FALSE,FALSE,FALSE,FALSE,FALSE,FALSE,5,620X01012K000XYE,C000XYE2,2022,1120,1120,5,runStateEfile,,
perf_dc_620X_22,PerfTester#4,3FM,Yes,Division,PERFORMANCE TESTING--DO NOT CHANGE(LARGE BINDERS),620X,2K,FALSE,FALSE,FALSE,FALSE,FALSE,TRUE,FALSE,TRUE,FALSE,FALSE,FALSE,FALSE,FALSE,FALSE,FALSE,FALSE,FALSE,FALSE,5,620X01012K000Y0G,C000Y0G2,2022,1120,1120,5,putCalls,,
perf_dc_620X_22,PerfTester#4,3FM,Yes,Division,PERFORMANCE TESTING--DO NOT CHANGE(LARGE BINDERS),620X,2K,FALSE,FALSE,FALSE,FALSE,FALSE,TRUE,FALSE,FALSE,FALSE,FALSE,TRUE,FALSE,FALSE,FALSE,FALSE,FALSE,FALSE,FALSE,5,620X01012K000Y05,C000Y052,2022,1120,1120,5,runFederalEfile,,
perf_dc_620X_22,PerfTester#4,3FM,Yes,Division,PERFORMANCE TESTING--DO NOT CHANGE(LARGE BINDERS),620X,2K,FALSE,FALSE,FALSE,FALSE,FALSE,TRUE,FALSE,FALSE,TRUE,FALSE,FALSE,FALSE,FALSE,FALSE,FALSE,FALSE,FALSE,FALSE,5,620X01012K000XYP,C000XYP2,2022,1120,1120,5,getScreenData,,
perf_dc_620X_22,PerfTester#4,3FM,Yes,Division,PERFORMANCE TESTING--DO NOT CHANGE(LARGE BINDERS),620X,2K,FALSE,FALSE,FALSE,TRUE,FALSE,TRUE,FALSE,FALSE,FALSE,FALSE,FALSE,FALSE,FALSE,FALSE,FALSE,FALSE,FALSE,FALSE,5,620X01012K000XZF,C000XZF2,2022,1120,1120,5,runTASCompute,,
perf_dc_620X_22,PerfTester#4,3FM,Yes,Division,PERFORMANCE TESTING--DO NOT CHANGE(LARGE BINDERS),620X,2K,FALSE,FALSE,FALSE,TRUE,FALSE,TRUE,FALSE,FALSE,FALSE,FALSE,FALSE,FALSE,FALSE,FALSE,FALSE,FALSE,FALSE,FALSE,5,620X01012K000XYT,C000XYT2,2022,1120,1120,5,runTASCompute,,
perf_dc_620X_22,PerfTester#4,3FM,Yes,Division,PERFORMANCE TESTING--DO NOT CHANGE(LARGE BINDERS),620X,2K,FALSE,FALSE,FALSE,FALSE,FALSE,TRUE,FALSE,FALSE,FALSE,FALSE,FALSE,FALSE,TRUE,FALSE,FALSE,FALSE,FALSE,FALSE,5,620X01012K000XZP,C000XZP2,2022,1120,1120,5,runEfileErrorCheck,,
perf_dc_620X_22,PerfTester#4,3FM,Yes,Division,PERFORMANCE TESTING--DO NOT CHANGE(LARGE BINDERS),620X,2K,FALSE,FALSE,FALSE,FALSE,FALSE,TRUE,FALSE,FALSE,FALSE,FALSE,TRUE,FALSE,FALSE,FALSE,FALSE,FALSE,FALSE,FALSE,5,620X01012K000XZH,C000XZH2,2022,1120,1120,5,runFederalEfile,,
perf_dc_620X_22,PerfTester#4,3FM,Yes,Division,PERFORMANCE TESTING--DO NOT CHANGE(LARGE BINDERS),620X,2K,FALSE,FALSE,FALSE,FALSE,FALSE,TRUE,FALSE,FALSE,TRUE,FALSE,FALSE,FALSE,FALSE,FALSE,FALSE,FALSE,FALSE,FALSE,5,620X01012K000XYR,C000XYR2,2022,1120,1120,5,getScreenData,,
perf_dc_620X_22,PerfTester#4,3FM,Yes,Division,PERFORMANCE TESTING--DO NOT CHANGE(LARGE BINDERS),620X,2K,FALSE,FALSE,FALSE,FALSE,FALSE,TRUE,FALSE,FALSE,FALSE,FALSE,FALSE,FALSE,FALSE,FALSE,FALSE,FALSE,FALSE,FALSE,5,620X01012K000XZ5,C000XZ52,2022,1120,1120,5,Dccalls,,
perf_dc_620X_22,PerfTester#4,3FM,Yes,Division,PERFORMANCE TESTING--DO NOT CHANGE(LARGE BINDERS),620X,2K,FALSE,FALSE,FALSE,TRUE,FALSE,TRUE,FALSE,FALSE,FALSE,FALSE,FALSE,FALSE,FALSE,FALSE,FALSE,FALSE,FALSE,FALSE,5,620X01012K000XZ7,C000XZ72,2022,1120,1120,5,runTASCompute,,
perf_dc_620X_22,PerfTester#4,3FM,Yes,Division,PERFORMANCE TESTING--DO NOT CHANGE(LARGE BINDERS),620X,2K,FALSE,FALSE,FALSE,FALSE,FALSE,TRUE,FALSE,FALSE,FALSE,FALSE,FALSE,FALSE,FALSE,FALSE,FALSE,TRUE,FALSE,FALSE,5,620X01012K000XYQ,C000XYQ2,2022,1120,1120,5,runDiagnostics,,
perf_dc_620X_22,PerfTester#4,3FM,Yes,Division,PERFORMANCE TESTING--DO NOT CHANGE(LARGE BINDERS),620X,2K,FALSE,FALSE,FALSE,FALSE,FALSE,TRUE,FALSE,FALSE,FALSE,FALSE,FALSE,TRUE,FALSE,FALSE,FALSE,FALSE,FALSE,FALSE,5,620X01012K000XZE,C000XZE2,2022,1120,1120,5,runStateEfile,,
perf_dc_620X_22,PerfTester#4,3FM,Yes,Division,PERFORMANCE TESTING--DO NOT CHANGE(LARGE BINDERS),620X,2K,FALSE,FALSE,FALSE,FALSE,FALSE,TRUE,FALSE,FALSE,FALSE,FALSE,FALSE,FALSE,FALSE,TRUE,FALSE,FALSE,FALSE,FALSE,5,620X01012K000XZ9,C000XZ92,2022,1120,1120,5,runWebPrint,,
perf_dc_620X_22,PerfTester#4,3FM,Yes,Division,PERFORMANCE TESTING--DO NOT CHANGE(LARGE BINDERS),620X,2K,FALSE,FALSE,FALSE,FALSE,FALSE,TRUE,FALSE,FALSE,FALSE,FALSE,TRUE,FALSE,FALSE,FALSE,FALSE,FALSE,FALSE,FALSE,5,620X01012K000XZI,C000XZI2,2022,1120,1120,5,runFederalEfile,,
perf_dc_620X_22,PerfTester#4,3FM,Yes,Division,PERFORMANCE TESTING--DO NOT CHANGE(LARGE BINDERS),620X,2K,FALSE,FALSE,FALSE,TRUE,FALSE,TRUE,FALSE,FALSE,FALSE,FALSE,FALSE,FALSE,FALSE,FALSE,FALSE,FALSE,FALSE,FALSE,5,620X01012K000XYZ,C000XYZ2,2022,1120,1120,5,runTASCompute,,
perf_dc_620X_22,PerfTester#4,3FM,Yes,Division,PERFORMANCE TESTING--DO NOT CHANGE(LARGE BINDERS),620X,2K,FALSE,FALSE,FALSE,FALSE,FALSE,TRUE,FALSE,FALSE,FALSE,FALSE,FALSE,FALSE,TRUE,FALSE,FALSE,FALSE,FALSE,FALSE,5,620X01012K000XZA,C000XZA2,2022,1120,1120,5,runEfileErrorCheck,,
perf_dc_620X_22,PerfTester#4,3FM,Yes,Division,PERFORMANCE TESTING--DO NOT CHANGE(LARGE BINDERS),620X,2K,FALSE,FALSE,FALSE,FALSE,FALSE,TRUE,FALSE,FALSE,FALSE,FALSE,FALSE,TRUE,FALSE,FALSE,FALSE,FALSE,FALSE,FALSE,5,620X01012K000XZ0,C000XZ02,2022,1120,1120,5,runStateEfile,,
perf_dc_620X_22,PerfTester#4,3FM,Yes,Division,PERFORMANCE TESTING--DO NOT CHANGE(LARGE BINDERS),620X,2K,FALSE,FALSE,FALSE,FALSE,FALSE,TRUE,FALSE,FALSE,FALSE,FALSE,FALSE,TRUE,FALSE,FALSE,FALSE,FALSE,FALSE,FALSE,5,620X01012K000XZ4,C000XZ42,2022,1120,1120,5,runStateEfile,,
perf_dc_620X_22,PerfTester#4,3FM,Yes,Division,PERFORMANCE TESTING--DO NOT CHANGE(LARGE BINDERS),620X,2K,FALSE,FALSE,FALSE,FALSE,FALSE,TRUE,FALSE,FALSE,FALSE,FALSE,TRUE,FALSE,FALSE,FALSE,FALSE,FALSE,FALSE,FALSE,5,620X01012K000XZM,C000XZM2,2022,1120,1120,5,runFederalEfile,,
perf_dc_620X_22,PerfTester#4,3FM,Yes,Division,PERFORMANCE TESTING--DO NOT CHANGE(LARGE BINDERS),620X,2K,FALSE,FALSE,FALSE,FALSE,FALSE,TRUE,FALSE,FALSE,FALSE,FALSE,FALSE,FALSE,FALSE,FALSE,FALSE,TRUE,FALSE,FALSE,5,620X01012K000Y0C,C000Y0C2,2022,1120,1120,5,runDiagnostics,,
perf_dc_620X_22,PerfTester#4,3FM,Yes,Division,PERFORMANCE TESTING--DO NOT CHANGE(LARGE BINDERS),620X,2K,FALSE,FALSE,FALSE,FALSE,FALSE,TRUE,FALSE,FALSE,FALSE,FALSE,FALSE,FALSE,FALSE,TRUE,FALSE,FALSE,FALSE,FALSE,5,620X01012K000XZK,C000XZK2,2022,1120,1120,5,runWebPrint,,
perf_dc_620X_22,PerfTester#4,3FM,Yes,Division,PERFORMANCE TESTING--DO NOT CHANGE(LARGE BINDERS),620X,2K,FALSE,FALSE,FALSE,FALSE,FALSE,TRUE,FALSE,FALSE,FALSE,FALSE,FALSE,TRUE,FALSE,FALSE,FALSE,FALSE,FALSE,FALSE,5,620X01012K000Y0H,C000Y0H2,2022,1120,1120,5,runStateEfile,,
perf_dc_620X_22,PerfTester#4,3FM,Yes,Division,PERFORMANCE TESTING--DO NOT CHANGE(LARGE BINDERS),620X,2K,FALSE,FALSE,FALSE,FALSE,FALSE,TRUE,FALSE,FALSE,FALSE,FALSE,FALSE,FALSE,FALSE,TRUE,FALSE,FALSE,FALSE,FALSE,5,620X01012K000XZO,C000XZO2,2022,1120,1120,5,runWebPrint,,
perf_dc_620X_22,PerfTester#4,3FM,Yes,Division,PERFORMANCE TESTING--DO NOT CHANGE(LARGE BINDERS),620X,2K,FALSE,FALSE,FALSE,TRUE,FALSE,TRUE,FALSE,FALSE,FALSE,FALSE,FALSE,FALSE,FALSE,FALSE,FALSE,FALSE,FALSE,FALSE,5,620X01012K000XZX,C000XZX2,2022,1120,1120,5,runTASCompute,,
perf_dc_620X_22,PerfTester#4,3FM,Yes,Division,PERFORMANCE TESTING--DO NOT CHANGE(LARGE BINDERS),620X,2K,FALSE,FALSE,FALSE,FALSE,FALSE,TRUE,FALSE,FALSE,TRUE,FALSE,FALSE,FALSE,FALSE,FALSE,FALSE,FALSE,FALSE,FALSE,5,620X01012K000XZ6,C000XZ62,2022,1120,1120,5,getScreenData,,
perf_dc_620X_22,PerfTester#4,3FM,Yes,Division,PERFORMANCE TESTING--DO NOT CHANGE(LARGE BINDERS),620X,2K,FALSE,FALSE,FALSE,TRUE,FALSE,TRUE,FALSE,FALSE,FALSE,FALSE,FALSE,FALSE,FALSE,FALSE,FALSE,FALSE,FALSE,FALSE,5,620X01012K000XZ8,C000XZ82,2022,1120,1120,5,runTASCompute,,
perf_dc_620X_22,PerfTester#4,3FM,Yes,Division,PERFORMANCE TESTING--DO NOT CHANGE(LARGE BINDERS),620X,2K,FALSE,FALSE,FALSE,FALSE,FALSE,TRUE,FALSE,FALSE,TRUE,FALSE,FALSE,FALSE,FALSE,FALSE,FALSE,FALSE,FALSE,FALSE,5,620X01012K000Y0M,C000Y0M2,2022,1120,1120,5,getScreenData,,
perf_dc_620X_22,PerfTester#4,3FM,Yes,Division,PERFORMANCE TESTING--DO NOT CHANGE(LARGE BINDERS),620X,2K,FALSE,FALSE,FALSE,FALSE,FALSE,TRUE,FALSE,FALSE,FALSE,FALSE,FALSE,FALSE,TRUE,FALSE,FALSE,FALSE,FALSE,FALSE,5,620X01012K000Y0I,C000Y0I2,2022,1120,1120,5,runEfileErrorCheck,,
perf_dc_620X_22,PerfTester#4,3FM,Yes,Division,PERFORMANCE TESTING--DO NOT CHANGE(LARGE BINDERS),620X,2K,FALSE,FALSE,FALSE,TRUE,FALSE,TRUE,FALSE,FALSE,FALSE,FALSE,FALSE,FALSE,FALSE,FALSE,FALSE,FALSE,FALSE,FALSE,5,620X01012K000XZJ,C000XZJ2,2022,1120,1120,5,runTASCompute,,
perf_dc_620X_22,PerfTester#4,3FM,Yes,Division,PERFORMANCE TESTING--DO NOT CHANGE(LARGE BINDERS),620X,2K,FALSE,FALSE,FALSE,FALSE,FALSE,TRUE,FALSE,FALSE,FALSE,FALSE,FALSE,TRUE,FALSE,FALSE,FALSE,FALSE,FALSE,FALSE,5,620X01012K000XZR,C000XZR2,2022,1120,1120,5,runStateEfile,,
perf_dc_620X_22,PerfTester#4,3FM,Yes,Division,PERFORMANCE TESTING--DO NOT CHANGE(LARGE BINDERS),620X,2K,FALSE,FALSE,FALSE,FALSE,FALSE,TRUE,FALSE,FALSE,FALSE,FALSE,FALSE,TRUE,FALSE,FALSE,FALSE,FALSE,FALSE,FALSE,5,620X01012K000Y0J,C000Y0J2,2022,1120,1120,5,runStateEfile,,
perf_dc_620X_22,PerfTester#4,3FM,Yes,Division,PERFORMANCE TESTING--DO NOT CHANGE(LARGE BINDERS),620X,2K,FALSE,FALSE,FALSE,FALSE,FALSE,TRUE,FALSE,FALSE,FALSE,FALSE,FALSE,FALSE,FALSE,FALSE,FALSE,FALSE,FALSE,FALSE,5,620X01012K000Y0L,C000Y0L2,2022,1120,1120,5,Dccalls,,
perf_dc_620X_22,PerfTester#4,3FM,Yes,Division,PERFORMANCE TESTING--DO NOT CHANGE(LARGE BINDERS),620X,2K,FALSE,FALSE,FALSE,FALSE,FALSE,TRUE,FALSE,FALSE,FALSE,FALSE,FALSE,FALSE,FALSE,TRUE,FALSE,FALSE,FALSE,FALSE,5,620X01012K000Y00,C000Y002,2022,1120,1120,5,runWebPrint,,
perf_dc_620X_22,PerfTester#4,3FM,Yes,Division,PERFORMANCE TESTING--DO NOT CHANGE(LARGE BINDERS),620X,2K,FALSE,FALSE,FALSE,FALSE,FALSE,TRUE,FALSE,TRUE,FALSE,FALSE,FALSE,FALSE,FALSE,FALSE,FALSE,FALSE,FALSE,FALSE,5,620X01012K000XZT,C000XZT2,2022,1120,1120,5,putCalls,,
perf_dc_620X_22,PerfTester#4,3FM,Yes,Division,PERFORMANCE TESTING--DO NOT CHANGE(LARGE BINDERS),620X,2K,FALSE,FALSE,FALSE,FALSE,FALSE,TRUE,FALSE,FALSE,FALSE,FALSE,TRUE,FALSE,FALSE,FALSE,FALSE,FALSE,FALSE,FALSE,5,620X01012K000XZD,C000XZD2,2022,1120,1120,5,runFederalEfile,,
perf_dc_620X_22,PerfTester#4,3FM,Yes,Division,PERFORMANCE TESTING--DO NOT CHANGE(LARGE BINDERS),620X,2K,FALSE,FALSE,FALSE,FALSE,FALSE,TRUE,FALSE,FALSE,FALSE,FALSE,FALSE,FALSE,FALSE,FALSE,FALSE,FALSE,FALSE,FALSE,5,620X01012K000XZV,C000XZV2,2022,1120,1120,5,Dccalls,,
perf_dc_620X_22,PerfTester#4,3FM,Yes,Division,PERFORMANCE TESTING--DO NOT CHANGE(LARGE BINDERS),620X,2K,FALSE,FALSE,FALSE,FALSE,FALSE,TRUE,FALSE,FALSE,FALSE,FALSE,TRUE,FALSE,FALSE,FALSE,FALSE,FALSE,FALSE,FALSE,5,620X01012K000XZU,C000XZU2,2022,1120,1120,5,runFederalEfile,,
perf_dc_620X_22,PerfTester#4,3FM,Yes,Division,PERFORMANCE TESTING--DO NOT CHANGE(LARGE BINDERS),620X,2K,FALSE,FALSE,FALSE,FALSE,FALSE,TRUE,FALSE,FALSE,FALSE,FALSE,FALSE,FALSE,FALSE,FALSE,FALSE,TRUE,FALSE,FALSE,5,620X01012K000XZN,C000XZN2,2022,1120,1120,5,runDiagnostics,,
perf_dc_620X_22,PerfTester#4,3FM,Yes,Division,PERFORMANCE TESTING--DO NOT CHANGE(LARGE BINDERS),620X,2K,FALSE,FALSE,FALSE,FALSE,FALSE,TRUE,FALSE,FALSE,FALSE,FALSE,FALSE,FALSE,FALSE,FALSE,FALSE,FALSE,FALSE,FALSE,5,620X01012K000Y01,C000Y012,2022,1120,1120,5,Dccalls,,
perf_dc_620X_22,PerfTester#4,3FM,Yes,Division,PERFORMANCE TESTING--DO NOT CHANGE(LARGE BINDERS),620X,2K,FALSE,FALSE,FALSE,TRUE,FALSE,TRUE,FALSE,FALSE,FALSE,FALSE,FALSE,FALSE,FALSE,FALSE,FALSE,FALSE,FALSE,FALSE,5,620X01012K000Y0N,C000Y0N2,2022,1120,1120,5,runTASCompute,,
perf_dc_620X_22,PerfTester#4,3FM,Yes,Division,PERFORMANCE TESTING--DO NOT CHANGE(LARGE BINDERS),620X,2K,FALSE,FALSE,FALSE,FALSE,FALSE,TRUE,FALSE,TRUE,FALSE,FALSE,FALSE,FALSE,FALSE,FALSE,FALSE,FALSE,FALSE,FALSE,5,620X01012K000Y03,C000Y032,2022,1120,1120,5,putCalls,,
perf_dc_620X_22,PerfTester#4,3FM,Yes,Division,PERFORMANCE TESTING--DO NOT CHANGE(LARGE BINDERS),620X,2K,FALSE,FALSE,FALSE,FALSE,FALSE,TRUE,FALSE,FALSE,FALSE,FALSE,TRUE,FALSE,FALSE,FALSE,FALSE,FALSE,FALSE,FALSE,5,620X01012K000XZW,C000XZW2,2022,1120,1120,5,runFederalEfile,,
perf_dc_620X_22,PerfTester#4,3FM,Yes,Division,PERFORMANCE TESTING--DO NOT CHANGE(LARGE BINDERS),620X,2K,FALSE,FALSE,FALSE,FALSE,FALSE,TRUE,FALSE,FALSE,TRUE,FALSE,FALSE,FALSE,FALSE,FALSE,FALSE,FALSE,FALSE,FALSE,5,620X01012K000XZS,C000XZS2,2022,1120,1120,5,getScreenData,,
perf_dc_620X_22,PerfTester#4,3FM,Yes,Division,PERFORMANCE TESTING--DO NOT CHANGE(LARGE BINDERS),620X,2K,FALSE,FALSE,FALSE,FALSE,FALSE,TRUE,FALSE,FALSE,TRUE,FALSE,FALSE,FALSE,FALSE,FALSE,FALSE,FALSE,FALSE,FALSE,5,620X01012K000XZC,C000XZC2,2022,1120,1120,5,getScreenData,,
perf_dc_620X_22,PerfTester#4,3FM,Yes,Division,PERFORMANCE TESTING--DO NOT CHANGE(LARGE BINDERS),620X,2K,FALSE,FALSE,FALSE,FALSE,FALSE,TRUE,FALSE,FALSE,FALSE,FALSE,FALSE,TRUE,FALSE,FALSE,FALSE,FALSE,FALSE,FALSE,5,620X01012K000Y0D,C000Y0D2,2022,1120,1120,5,runStateEfile,,
perf_dc_620X_22,PerfTester#4,3FM,Yes,Division,PERFORMANCE TESTING--DO NOT CHANGE(LARGE BINDERS),620X,2K,FALSE,FALSE,FALSE,FALSE,FALSE,TRUE,FALSE,FALSE,FALSE,FALSE,FALSE,FALSE,FALSE,FALSE,FALSE,FALSE,FALSE,FALSE,5,620X01012K000XZQ,C000XZQ2,2022,1120,1120,5,Dccalls,,
perf_dc_620X_22,PerfTester#4,3FM,Yes,Division,PERFORMANCE TESTING--DO NOT CHANGE(LARGE BINDERS),620X,2K,FALSE,FALSE,FALSE,FALSE,FALSE,TRUE,FALSE,FALSE,FALSE,FALSE,FALSE,FALSE,TRUE,FALSE,FALSE,FALSE,FALSE,FALSE,5,620X01012K000Y04,C000Y042,2022,1120,1120,5,runEfileErrorCheck,,
perf_dc_620X_22,PerfTester#4,3FM,Yes,Division,PERFORMANCE TESTING--DO NOT CHANGE(LARGE BINDERS),620X,2K,FALSE,FALSE,FALSE,FALSE,FALSE,TRUE,FALSE,FALSE,FALSE,FALSE,FALSE,FALSE,FALSE,FALSE,FALSE,TRUE,FALSE,FALSE,5,620X01012K000Y0B,C000Y0B2,2022,1120,1120,5,runDiagnostics,,
perf_dc_620X_22,PerfTester#4,3FM,Yes,Division,PERFORMANCE TESTING--DO NOT CHANGE(LARGE BINDERS),620X,2K,FALSE,FALSE,FALSE,FALSE,FALSE,TRUE,FALSE,FALSE,FALSE,FALSE,FALSE,TRUE,FALSE,FALSE,FALSE,FALSE,FALSE,FALSE,5,620X01012K000XZY,C000XZY2,2022,1120,1120,5,runStateEfile,,
perf_dc_620X_22,PerfTester#4,3FM,Yes,Division,PERFORMANCE TESTING--DO NOT CHANGE(LARGE BINDERS),620X,2K,FALSE,FALSE,FALSE,FALSE,FALSE,TRUE,FALSE,FALSE,FALSE,FALSE,FALSE,TRUE,FALSE,FALSE,FALSE,FALSE,FALSE,FALSE,5,620X01012K000Y0A,C000Y0A2,2022,1120,1120,5,runStateEfile,,
perf_dc_620X_22,PerfTester#4,3FM,Yes,Division,PERFORMANCE TESTING--DO NOT CHANGE(LARGE BINDERS),620X,2K,FALSE,FALSE,FALSE,FALSE,FALSE,TRUE,FALSE,FALSE,TRUE,FALSE,FALSE,FALSE,FALSE,FALSE,FALSE,FALSE,FALSE,FALSE,5,620X01012K000Y0E,C000Y0E2,2022,1120,1120,5,getScreenData,,
perf_dc_620X_22,PerfTester#4,3FM,Yes,Division,PERFORMANCE TESTING--DO NOT CHANGE(LARGE BINDERS),620X,2K,FALSE,FALSE,FALSE,FALSE,FALSE,TRUE,FALSE,FALSE,FALSE,FALSE,FALSE,FALSE,FALSE,FALSE,FALSE,TRUE,FALSE,FALSE,5,620X01012K000Y0R,C000Y0R2,2022,1120,1120,5,runDiagnostics,,
perf_dc_620X_22,PerfTester#4,3FM,Yes,Division,PERFORMANCE TESTING--DO NOT CHANGE(LARGE BINDERS),620X,2K,FALSE,FALSE,FALSE,FALSE,FALSE,TRUE,FALSE,FALSE,FALSE,FALSE,FALSE,FALSE,TRUE,FALSE,FALSE,FALSE,FALSE,FALSE,5,620X01012K000Y0P,C000Y0P2,2022,1120,1120,5,runEfileErrorCheck,,
perf_dc_620X_22,PerfTester#4,3FM,Yes,Division,PERFORMANCE TESTING--DO NOT CHANGE(LARGE BINDERS),620X,2K,FALSE,FALSE,FALSE,TRUE,FALSE,TRUE,FALSE,FALSE,FALSE,FALSE,FALSE,FALSE,FALSE,FALSE,FALSE,FALSE,FALSE,FALSE,5,620X01012K000Y07,C000Y072,2022,1120,1120,5,runTASCompute,,
perf_dc_620X_22,PerfTester#4,3FM,Yes,Division,PERFORMANCE TESTING--DO NOT CHANGE(LARGE BINDERS),620X,2K,FALSE,FALSE,FALSE,FALSE,FALSE,TRUE,FALSE,FALSE,TRUE,FALSE,FALSE,FALSE,FALSE,FALSE,FALSE,FALSE,FALSE,FALSE,5,620X01012K000Y09,C000Y092,2022,1120,1120,5,getScreenData,,
