[
    {
        "binderLocatorId": "K399010101000JAU",
        "locatorId": "C000JAU0",
        "taxYear": "2020",
        "binderTaxReturnType": "1120",
        "taxType": "1120",
        "entityTypeId": "TopConsolidation",
        "WorkAreaName": "Domestic Thermo Fisher Scientific Inc",
        "workareaId": "01"
    },
    {
        "binderLocatorId": "K399010101000HQN",
        "locatorId": "C000HQN9",
        "taxYear": "2019",
        "binderTaxReturnType": "1120",
        "taxType": "1120",
        "entityTypeId": "TopConsolidation",
        "WorkAreaName": "Domestic Thermo Fisher Scientific Inc",
        "workareaId": "01"
    },
    {
        "binderLocatorId": "K399010101000H4X",
        "locatorId": "C000H4X9",
        "taxYear": "2019",
        "binderTaxReturnType": "1120",
        "taxType": "1120",
        "entityTypeId": "TopConsolidation",
        "WorkAreaName": "Domestic Thermo Fisher Scientific Inc",
        "workareaId": "01"
    },
    {
        "binderLocatorId": "K399010101000JOF",
        "locatorId": "C000JOF0",
        "taxYear": "2020",
        "binderTaxReturnType": "1120",
        "taxType": "1120",
        "entityTypeId": "TopConsolidation",
        "WorkAreaName": "Domestic Thermo Fisher Scientific Inc",
        "workareaId": "01"
    }
]