username,password,account,OITUser,entityTypeId,WorkAreaName,firm,workareaId,oitGetAPICalls,runBalAdjGet,runBalAdjGetAndPost,runTASCompute,runTASConsol,launchOTW,runFullCompute,putCalls,getScreenData,executeConsol,runFederalEfile,runStateEfile,runEfileErrorCheck,runWebPrint,runAttachEFile,runDiagnostics,isCmEnabled,bulkOperations,efileCount,binderLocatorId,locatorId,taxYear,binderTaxReturnType,taxType,printCounts,Test,Scenario,comments
sneha_pd1_ttax,PerfTester#3,137,Yes,TopConsolidation,Load Testing,518K,U1,FALSE,FALSE,FALSE,FALSE,TRUE,TRUE,FALSE,FALSE,FALSE,FALSE,FALSE,FALSE,FALSE,FALSE,FALSE,FALSE,FALSE,FALSE,5,518K0101U1006NNX,C006NNX2,2022,1120,1120,5,runTASConsol,,
sneha_pd1_ttax,PerfTester#3,137,Yes,Parent,Load Testing,518K,U1,FALSE,FALSE,FALSE,TRUE,FALSE,TRUE,FALSE,FALSE,FALSE,FALSE,FALSE,FALSE,FALSE,FALSE,FALSE,FALSE,FALSE,FALSE,5,518K0101U1006NB3,C006NB32,2022,1120,1120,5,runTASCompute,,
sneha_pd1_ttax,PerfTester#3,137,Yes,Eliminations,Load Testing,518K,U1,FALSE,FALSE,FALSE,TRUE,FALSE,TRUE,FALSE,FALSE,FALSE,FALSE,FALSE,FALSE,FALSE,FALSE,FALSE,FALSE,FALSE,FALSE,5,518K0101U1006NAH,C006NAH2,2022,1120,1120,5,runTASCompute,,
sneha_pd1_ttax,PerfTester#3,137,Yes,SubConsolidation,Load Testing,518K,U1,FALSE,FALSE,FALSE,FALSE,FALSE,TRUE,FALSE,FALSE,FALSE,FALSE,FALSE,FALSE,FALSE,FALSE,FALSE,TRUE,FALSE,FALSE,5,518K0101U1006NNK,C006NNK2,2022,1120,1120,5,runDiagnostics,,
sneha_pd1_ttax,PerfTester#3,137,Yes,SubConsolidation,Load Testing,518K,U1,FALSE,FALSE,FALSE,FALSE,FALSE,TRUE,FALSE,FALSE,FALSE,FALSE,TRUE,FALSE,FALSE,FALSE,FALSE,FALSE,FALSE,FALSE,5,518K0101U1006NNM,C006NNM2,2022,1120,1120,5,runFederalEfile,,
sneha_pd1_ttax,PerfTester#3,137,Yes,SubConsolidation,Load Testing,518K,U1,FALSE,FALSE,FALSE,FALSE,FALSE,TRUE,FALSE,TRUE,FALSE,FALSE,FALSE,FALSE,FALSE,FALSE,FALSE,FALSE,FALSE,FALSE,5,518K0101U1006NNN,C006NNN2,2022,1120,1120,5,putCalls,,
sneha_pd1_ttax,PerfTester#3,137,Yes,SubConsolidation,Load Testing,518K,U1,FALSE,FALSE,FALSE,TRUE,FALSE,TRUE,FALSE,FALSE,FALSE,FALSE,FALSE,FALSE,FALSE,FALSE,FALSE,FALSE,FALSE,FALSE,5,518K0101U1006NNO,C006NNO2,2022,1120,1120,5,runTASCompute,,
sneha_pd1_ttax,PerfTester#3,137,Yes,SubConsolidation,Load Testing,518K,U1,FALSE,FALSE,FALSE,FALSE,FALSE,TRUE,FALSE,FALSE,FALSE,FALSE,FALSE,FALSE,TRUE,FALSE,FALSE,FALSE,FALSE,FALSE,5,518K0101U1006NNP,C006NNP2,2022,1120,1120,5,runEfileErrorCheck,,
sneha_pd1_ttax,PerfTester#3,137,Yes,SubConsolidation,Load Testing,518K,U1,FALSE,FALSE,FALSE,FALSE,FALSE,TRUE,FALSE,FALSE,TRUE,FALSE,FALSE,FALSE,FALSE,FALSE,FALSE,FALSE,FALSE,FALSE,5,518K0101U1006NNQ,C006NNQ2,2022,1120,1120,5,getScreenData,,
sneha_pd1_ttax,PerfTester#3,137,Yes,SubConsolidation,Load Testing,518K,U1,FALSE,FALSE,FALSE,FALSE,FALSE,TRUE,FALSE,FALSE,FALSE,FALSE,TRUE,FALSE,FALSE,FALSE,FALSE,FALSE,FALSE,FALSE,5,518K0101U1006NNR,C006NNR2,2022,1120,1120,5,runFederalEfile,,
sneha_pd1_ttax,PerfTester#3,137,Yes,SubConsolidation,Load Testing,518K,U1,FALSE,FALSE,FALSE,FALSE,FALSE,TRUE,FALSE,FALSE,FALSE,FALSE,FALSE,FALSE,FALSE,TRUE,FALSE,FALSE,FALSE,FALSE,5,518K0101U1006NNS,C006NNS2,2022,1120,1120,5,runWebPrint,,
sneha_pd1_ttax,PerfTester#3,137,Yes,SubConsolidation,Load Testing,518K,U1,FALSE,FALSE,FALSE,FALSE,FALSE,TRUE,FALSE,FALSE,FALSE,FALSE,FALSE,FALSE,TRUE,FALSE,FALSE,FALSE,FALSE,FALSE,5,518K0101U1006NNT,C006NNT2,2022,1120,1120,5,runEfileErrorCheck,,
sneha_pd1_ttax,PerfTester#3,137,Yes,SubConsolidation,Load Testing,518K,U1,FALSE,FALSE,FALSE,FALSE,FALSE,TRUE,FALSE,FALSE,FALSE,FALSE,FALSE,TRUE,FALSE,FALSE,FALSE,FALSE,FALSE,FALSE,5,518K0101U1006NNU,C006NNU2,2022,1120,1120,5,runStateEfile,,
sneha_pd1_ttax,PerfTester#3,137,Yes,SubConsolidation,Load Testing,518K,U1,FALSE,FALSE,FALSE,FALSE,FALSE,TRUE,FALSE,FALSE,FALSE,FALSE,FALSE,TRUE,FALSE,FALSE,FALSE,FALSE,FALSE,FALSE,5,518K0101U1006NNV,C006NNV2,2022,1120,1120,5,runStateEfile,,
sneha_pd1_ttax,PerfTester#3,137,Yes,SubConsolidation,Load Testing,518K,U1,FALSE,FALSE,FALSE,FALSE,FALSE,TRUE,FALSE,FALSE,FALSE,FALSE,FALSE,TRUE,FALSE,FALSE,FALSE,FALSE,FALSE,FALSE,5,518K0101U1006NNW,C006NNW2,2022,1120,1120,5,runStateEfile,,
sneha_pd1_ttax,PerfTester#3,137,Yes,DivisionalConsolidation,Load Testing,518K,U1,FALSE,FALSE,FALSE,FALSE,FALSE,TRUE,FALSE,FALSE,FALSE,FALSE,FALSE,TRUE,FALSE,FALSE,FALSE,FALSE,FALSE,FALSE,5,518K0101U1006NNA,C006NNA2,2022,1120,1120,5,runStateEfile,,
sneha_pd1_ttax,PerfTester#3,137,Yes,DivisionalConsolidation,Load Testing,518K,U1,FALSE,FALSE,FALSE,FALSE,FALSE,TRUE,FALSE,FALSE,FALSE,FALSE,FALSE,FALSE,FALSE,FALSE,FALSE,FALSE,FALSE,FALSE,5,518K0101U1006NNB,C006NNB2,2022,1120,1120,5,Dccalls,,
sneha_pd1_ttax,PerfTester#3,137,Yes,DivisionalConsolidation,Load Testing,518K,U1,FALSE,FALSE,FALSE,FALSE,FALSE,TRUE,FALSE,FALSE,FALSE,FALSE,FALSE,FALSE,FALSE,FALSE,FALSE,TRUE,FALSE,FALSE,5,518K0101U1006NNC,C006NNC2,2022,1120,1120,5,runDiagnostics,,
sneha_pd1_ttax,PerfTester#3,137,Yes,DivisionalConsolidation,Load Testing,518K,U1,FALSE,FALSE,FALSE,FALSE,FALSE,TRUE,FALSE,TRUE,FALSE,FALSE,FALSE,FALSE,FALSE,FALSE,FALSE,FALSE,FALSE,FALSE,5,518K0101U1006NND,C006NND2,2022,1120,1120,5,putCalls,,
sneha_pd1_ttax,PerfTester#3,137,Yes,DivisionalConsolidation,Load Testing,518K,U1,FALSE,FALSE,FALSE,TRUE,FALSE,TRUE,FALSE,FALSE,FALSE,FALSE,FALSE,FALSE,FALSE,FALSE,FALSE,FALSE,FALSE,FALSE,5,518K0101U1006NNE,C006NNE2,2022,1120,1120,5,runTASCompute,,
sneha_pd1_ttax,PerfTester#3,137,Yes,DivisionalConsolidation,Load Testing,518K,U1,FALSE,FALSE,FALSE,FALSE,FALSE,TRUE,FALSE,FALSE,FALSE,FALSE,FALSE,FALSE,FALSE,TRUE,FALSE,FALSE,FALSE,FALSE,5,518K0101U1006NNF,C006NNF2,2022,1120,1120,5,runWebPrint,,
sneha_pd1_ttax,PerfTester#3,137,Yes,DivisionalConsolidation,Load Testing,518K,U1,FALSE,FALSE,FALSE,FALSE,FALSE,TRUE,FALSE,FALSE,TRUE,FALSE,FALSE,FALSE,FALSE,FALSE,FALSE,FALSE,FALSE,FALSE,5,518K0101U1006NNG,C006NNG2,2022,1120,1120,5,getScreenData,,
sneha_pd1_ttax,PerfTester#3,137,Yes,DivisionalConsolidation,Load Testing,518K,U1,FALSE,FALSE,FALSE,FALSE,FALSE,TRUE,FALSE,FALSE,FALSE,FALSE,FALSE,FALSE,FALSE,TRUE,FALSE,FALSE,FALSE,FALSE,5,518K0101U1006NNH,C006NNH2,2022,1120,1120,5,runWebPrint,,
sneha_pd1_ttax,PerfTester#3,137,Yes,DivisionalConsolidation,Load Testing,518K,U1,FALSE,FALSE,FALSE,FALSE,FALSE,TRUE,FALSE,TRUE,FALSE,FALSE,FALSE,FALSE,FALSE,FALSE,FALSE,FALSE,FALSE,FALSE,5,518K0101U1006NNI,C006NNI2,2022,1120,1120,5,putCalls,,
sneha_pd1_ttax,PerfTester#3,137,Yes,DivisionalConsolidation,Load Testing,518K,U1,FALSE,FALSE,FALSE,FALSE,FALSE,TRUE,FALSE,FALSE,FALSE,FALSE,FALSE,FALSE,FALSE,FALSE,FALSE,FALSE,FALSE,FALSE,5,518K0101U1006NNJ,C006NNJ2,2022,1120,1120,5,Dccalls,,
sneha_pd1_ttax,PerfTester#3,137,Yes,DivisionalConsolidation,Load Testing,518K,U1,FALSE,FALSE,FALSE,FALSE,FALSE,TRUE,FALSE,FALSE,FALSE,FALSE,FALSE,FALSE,TRUE,FALSE,FALSE,FALSE,FALSE,FALSE,5,518K0101U1006NNL,C006NNL2,2022,1120,1120,5,runEfileErrorCheck,,
sneha_pd1_ttax,PerfTester#3,137,Yes,TopConsolidation,Load Testing,518K,U1,FALSE,FALSE,FALSE,FALSE,TRUE,TRUE,FALSE,FALSE,FALSE,FALSE,FALSE,FALSE,FALSE,FALSE,FALSE,FALSE,FALSE,FALSE,5,518K0101U1006NRF,C006NRF2,2022,1120,1120,5,runTASConsol,,
sneha_pd1_ttax,PerfTester#3,137,Yes,Parent,Load Testing,518K,U1,FALSE,FALSE,FALSE,FALSE,FALSE,TRUE,FALSE,FALSE,FALSE,FALSE,TRUE,FALSE,FALSE,FALSE,FALSE,FALSE,FALSE,FALSE,5,518K0101U1006NB3,C006NB32,2022,1120,1120,5,runFederalEfile,,
sneha_pd1_ttax,PerfTester#3,137,Yes,Eliminations,Load Testing,518K,U1,FALSE,FALSE,FALSE,TRUE,FALSE,TRUE,FALSE,FALSE,FALSE,FALSE,FALSE,FALSE,FALSE,FALSE,FALSE,FALSE,FALSE,FALSE,5,518K0101U1006NAH,C006NAH2,2022,1120,1120,5,runTASCompute,,
sneha_pd1_ttax,PerfTester#3,137,Yes,SubConsolidation,Load Testing,518K,U1,FALSE,FALSE,FALSE,FALSE,FALSE,TRUE,FALSE,FALSE,FALSE,FALSE,FALSE,FALSE,TRUE,FALSE,FALSE,FALSE,FALSE,FALSE,5,518K0101U1006NNK,C006NNK2,2022,1120,1120,5,runEfileErrorCheck,,
sneha_pd1_ttax,PerfTester#3,137,Yes,SubConsolidation,Load Testing,518K,U1,FALSE,FALSE,FALSE,FALSE,FALSE,TRUE,FALSE,FALSE,FALSE,FALSE,FALSE,FALSE,FALSE,TRUE,FALSE,FALSE,FALSE,FALSE,5,518K0101U1006NNM,C006NNM2,2022,1120,1120,5,runWebPrint,,
sneha_pd1_ttax,PerfTester#3,137,Yes,SubConsolidation,Load Testing,518K,U1,FALSE,FALSE,FALSE,FALSE,FALSE,TRUE,FALSE,FALSE,FALSE,FALSE,FALSE,TRUE,FALSE,FALSE,FALSE,FALSE,FALSE,FALSE,5,518K0101U1006NNN,C006NNN2,2022,1120,1120,5,runStateEfile,,
sneha_pd1_ttax,PerfTester#3,137,Yes,SubConsolidation,Load Testing,518K,U1,FALSE,FALSE,FALSE,FALSE,FALSE,TRUE,FALSE,FALSE,FALSE,FALSE,FALSE,FALSE,FALSE,TRUE,FALSE,FALSE,FALSE,FALSE,5,518K0101U1006NNO,C006NNO2,2022,1120,1120,5,runWebPrint,,
sneha_pd1_ttax,PerfTester#3,137,Yes,SubConsolidation,Load Testing,518K,U1,FALSE,FALSE,FALSE,TRUE,FALSE,TRUE,FALSE,FALSE,FALSE,FALSE,FALSE,FALSE,FALSE,FALSE,FALSE,FALSE,FALSE,FALSE,5,518K0101U1006NNP,C006NNP2,2022,1120,1120,5,runTASCompute,,
sneha_pd1_ttax,PerfTester#3,137,Yes,SubConsolidation,Load Testing,518K,U1,FALSE,FALSE,FALSE,FALSE,FALSE,TRUE,FALSE,FALSE,FALSE,FALSE,TRUE,FALSE,FALSE,FALSE,FALSE,FALSE,FALSE,FALSE,5,518K0101U1006NNQ,C006NNQ2,2022,1120,1120,5,runFederalEfile,,
sneha_pd1_ttax,PerfTester#3,137,Yes,SubConsolidation,Load Testing,518K,U1,FALSE,FALSE,FALSE,TRUE,FALSE,TRUE,FALSE,FALSE,FALSE,FALSE,FALSE,FALSE,FALSE,FALSE,FALSE,FALSE,FALSE,FALSE,5,518K0101U1006NNR,C006NNR2,2022,1120,1120,5,runTASCompute,,
sneha_pd1_ttax,PerfTester#3,137,Yes,SubConsolidation,Load Testing,518K,U1,FALSE,FALSE,FALSE,FALSE,FALSE,TRUE,FALSE,TRUE,FALSE,FALSE,FALSE,FALSE,FALSE,FALSE,FALSE,FALSE,FALSE,FALSE,5,518K0101U1006NNS,C006NNS2,2022,1120,1120,5,putCalls,,
sneha_pd1_ttax,PerfTester#3,137,Yes,SubConsolidation,Load Testing,518K,U1,FALSE,FALSE,FALSE,FALSE,FALSE,TRUE,FALSE,FALSE,FALSE,FALSE,FALSE,TRUE,FALSE,FALSE,FALSE,FALSE,FALSE,FALSE,5,518K0101U1006NNT,C006NNT2,2022,1120,1120,5,runStateEfile,,
sneha_pd1_ttax,PerfTester#3,137,Yes,SubConsolidation,Load Testing,518K,U1,FALSE,FALSE,FALSE,FALSE,FALSE,TRUE,FALSE,FALSE,FALSE,FALSE,FALSE,FALSE,FALSE,TRUE,FALSE,FALSE,FALSE,FALSE,5,518K0101U1006NRC,C006NRC2,2022,1120,1120,5,runWebPrint,,
sneha_pd1_ttax,PerfTester#3,137,Yes,SubConsolidation,Load Testing,518K,U1,FALSE,FALSE,FALSE,FALSE,FALSE,TRUE,FALSE,TRUE,FALSE,FALSE,FALSE,FALSE,FALSE,FALSE,FALSE,FALSE,FALSE,FALSE,5,518K0101U1006NRA,C006NRA2,2022,1120,1120,5,putCalls,,
sneha_pd1_ttax,PerfTester#3,137,Yes,SubConsolidation,Load Testing,518K,U1,FALSE,FALSE,FALSE,FALSE,FALSE,TRUE,FALSE,FALSE,FALSE,FALSE,TRUE,FALSE,FALSE,FALSE,FALSE,FALSE,FALSE,FALSE,5,518K0101U1006NRD,C006NRD2,2022,1120,1120,5,runFederalEfile,,
sneha_pd1_ttax,PerfTester#3,137,Yes,DivisionalConsolidation,Load Testing,518K,U1,FALSE,FALSE,FALSE,FALSE,FALSE,TRUE,FALSE,FALSE,FALSE,FALSE,FALSE,FALSE,FALSE,TRUE,FALSE,FALSE,FALSE,FALSE,5,518K0101U1006NNA,C006NNA2,2022,1120,1120,5,runWebPrint,,
sneha_pd1_ttax,PerfTester#3,137,Yes,DivisionalConsolidation,Load Testing,518K,U1,FALSE,FALSE,FALSE,FALSE,FALSE,TRUE,FALSE,FALSE,TRUE,FALSE,FALSE,FALSE,FALSE,FALSE,FALSE,FALSE,FALSE,FALSE,5,518K0101U1006NNB,C006NNB2,2022,1120,1120,5,getScreenData,,
sneha_pd1_ttax,PerfTester#3,137,Yes,DivisionalConsolidation,Load Testing,518K,U1,FALSE,FALSE,FALSE,TRUE,FALSE,TRUE,FALSE,FALSE,FALSE,FALSE,FALSE,FALSE,FALSE,FALSE,FALSE,FALSE,FALSE,FALSE,5,518K0101U1006NNC,C006NNC2,2022,1120,1120,5,runTASCompute,,
sneha_pd1_ttax,PerfTester#3,137,Yes,DivisionalConsolidation,Load Testing,518K,U1,FALSE,FALSE,FALSE,FALSE,FALSE,TRUE,FALSE,FALSE,FALSE,FALSE,FALSE,FALSE,FALSE,FALSE,FALSE,TRUE,FALSE,FALSE,5,518K0101U1006NND,C006NND2,2022,1120,1120,5,runDiagnostics,,
sneha_pd1_ttax,PerfTester#3,137,Yes,DivisionalConsolidation,Load Testing,518K,U1,FALSE,FALSE,FALSE,FALSE,FALSE,TRUE,FALSE,FALSE,FALSE,FALSE,FALSE,FALSE,TRUE,FALSE,FALSE,FALSE,FALSE,FALSE,5,518K0101U1006NNE,C006NNE2,2022,1120,1120,5,runEfileErrorCheck,,
sneha_pd1_ttax,PerfTester#3,137,Yes,DivisionalConsolidation,Load Testing,518K,U1,FALSE,FALSE,FALSE,FALSE,FALSE,TRUE,FALSE,FALSE,FALSE,FALSE,TRUE,FALSE,FALSE,FALSE,FALSE,FALSE,FALSE,FALSE,5,518K0101U1006NNF,C006NNF2,2022,1120,1120,5,runFederalEfile,,
sneha_pd1_ttax,PerfTester#3,137,Yes,DivisionalConsolidation,Load Testing,518K,U1,FALSE,FALSE,FALSE,FALSE,FALSE,TRUE,FALSE,FALSE,FALSE,FALSE,FALSE,TRUE,FALSE,FALSE,FALSE,FALSE,FALSE,FALSE,5,518K0101U1006NNG,C006NNG2,2022,1120,1120,5,runStateEfile,,
sneha_pd1_ttax,PerfTester#3,137,Yes,DivisionalConsolidation,Load Testing,518K,U1,FALSE,FALSE,FALSE,FALSE,FALSE,TRUE,FALSE,FALSE,FALSE,FALSE,TRUE,FALSE,FALSE,FALSE,FALSE,FALSE,FALSE,FALSE,5,518K0101U1006NNH,C006NNH2,2022,1120,1120,5,runFederalEfile,,
sneha_pd1_ttax,PerfTester#3,137,Yes,DivisionalConsolidation,Load Testing,518K,U1,FALSE,FALSE,FALSE,TRUE,FALSE,TRUE,FALSE,FALSE,FALSE,FALSE,FALSE,FALSE,FALSE,FALSE,FALSE,FALSE,FALSE,FALSE,5,518K0101U1006NNI,C006NNI2,2022,1120,1120,5,runTASCompute,,
sneha_pd1_ttax,PerfTester#3,137,Yes,DivisionalConsolidation,Load Testing,518K,U1,FALSE,FALSE,FALSE,TRUE,FALSE,TRUE,FALSE,FALSE,FALSE,FALSE,FALSE,FALSE,FALSE,FALSE,FALSE,FALSE,FALSE,FALSE,5,518K0101U1006NQS,C006NQS2,2022,1120,1120,5,runTASCompute,,
sneha_pd1_ttax,PerfTester#3,137,Yes,DivisionalConsolidation,Load Testing,518K,U1,FALSE,FALSE,FALSE,FALSE,FALSE,TRUE,FALSE,FALSE,FALSE,FALSE,FALSE,FALSE,FALSE,FALSE,FALSE,TRUE,FALSE,FALSE,5,518K0101U1006NQT,C006NQT2,2022,1120,1120,5,runDiagnostics,,
sneha_pd1_ttax,PerfTester#3,137,Yes,TopConsolidation,Load Testing,518K,U1,FALSE,FALSE,FALSE,FALSE,TRUE,TRUE,FALSE,FALSE,FALSE,FALSE,FALSE,FALSE,FALSE,FALSE,FALSE,FALSE,FALSE,FALSE,5,518K0101U1006NRE,C006NRE2,2022,1120,1120,5,runTASConsol,,
sneha_pd1_ttax,PerfTester#3,137,Yes,Parent,Load Testing,518K,U1,FALSE,FALSE,FALSE,FALSE,FALSE,TRUE,FALSE,FALSE,FALSE,FALSE,FALSE,TRUE,FALSE,FALSE,FALSE,FALSE,FALSE,FALSE,5,518K0101U1006NB3,C006NB32,2022,1120,1120,5,runStateEfile,,
sneha_pd1_ttax,PerfTester#3,137,Yes,Eliminations,Load Testing,518K,U1,FALSE,FALSE,FALSE,FALSE,FALSE,TRUE,FALSE,FALSE,FALSE,FALSE,FALSE,FALSE,FALSE,TRUE,FALSE,FALSE,FALSE,FALSE,5,518K0101U1006NAH,C006NAH2,2022,1120,1120,5,runWebPrint,,
sneha_pd1_ttax,PerfTester#3,137,Yes,SubConsolidation,Load Testing,518K,U1,FALSE,FALSE,FALSE,FALSE,FALSE,TRUE,FALSE,FALSE,FALSE,FALSE,FALSE,FALSE,TRUE,FALSE,FALSE,FALSE,FALSE,FALSE,5,518K0101U1006NNU,C006NNU2,2022,1120,1120,5,runEfileErrorCheck,,
sneha_pd1_ttax,PerfTester#3,137,Yes,SubConsolidation,Load Testing,518K,U1,FALSE,FALSE,FALSE,TRUE,FALSE,TRUE,FALSE,FALSE,FALSE,FALSE,FALSE,FALSE,FALSE,FALSE,FALSE,FALSE,FALSE,FALSE,5,518K0101U1006NNV,C006NNV2,2022,1120,1120,5,runTASCompute,,
sneha_pd1_ttax,PerfTester#3,137,Yes,SubConsolidation,Load Testing,518K,U1,FALSE,FALSE,FALSE,TRUE,FALSE,TRUE,FALSE,FALSE,FALSE,FALSE,FALSE,FALSE,FALSE,FALSE,FALSE,FALSE,FALSE,FALSE,5,518K0101U1006NNW,C006NNW2,2022,1120,1120,5,runTASCompute,,
sneha_pd1_ttax,PerfTester#3,137,Yes,SubConsolidation,Load Testing,518K,U1,FALSE,FALSE,FALSE,FALSE,FALSE,TRUE,FALSE,FALSE,TRUE,FALSE,FALSE,FALSE,FALSE,FALSE,FALSE,FALSE,FALSE,FALSE,5,518K0101U1006NRC,C006NRC2,2022,1120,1120,5,getScreenData,,
sneha_pd1_ttax,PerfTester#3,137,Yes,SubConsolidation,Load Testing,518K,U1,FALSE,FALSE,FALSE,FALSE,FALSE,TRUE,FALSE,FALSE,TRUE,FALSE,FALSE,FALSE,FALSE,FALSE,FALSE,FALSE,FALSE,FALSE,5,518K0101U1006NRA,C006NRA2,2022,1120,1120,5,getScreenData,,
sneha_pd1_ttax,PerfTester#3,137,Yes,DivisionalConsolidation,Load Testing,518K,U1,FALSE,FALSE,FALSE,FALSE,FALSE,TRUE,FALSE,FALSE,FALSE,FALSE,FALSE,FALSE,TRUE,FALSE,FALSE,FALSE,FALSE,FALSE,5,518K0101U1006NNJ,C006NNJ2,2022,1120,1120,5,runEfileErrorCheck,,
sneha_pd1_ttax,PerfTester#3,137,Yes,DivisionalConsolidation,Load Testing,518K,U1,FALSE,FALSE,FALSE,FALSE,FALSE,TRUE,FALSE,FALSE,FALSE,FALSE,FALSE,FALSE,FALSE,FALSE,FALSE,FALSE,FALSE,FALSE,5,518K0101U1006NNL,C006NNL2,2022,1120,1120,5,Dccalls,,
sneha_pd1_ttax,PerfTester#3,137,Yes,DivisionalConsolidation,Load Testing,518K,U1,FALSE,FALSE,FALSE,FALSE,FALSE,TRUE,FALSE,FALSE,FALSE,FALSE,FALSE,TRUE,FALSE,FALSE,FALSE,FALSE,FALSE,FALSE,5,518K0101U1006NP6,C006NP62,2022,1120,1120,5,runStateEfile,,
sneha_pd1_ttax,PerfTester#3,137,Yes,DivisionalConsolidation,Load Testing,518K,U1,FALSE,FALSE,FALSE,FALSE,FALSE,TRUE,FALSE,FALSE,TRUE,FALSE,FALSE,FALSE,FALSE,FALSE,FALSE,FALSE,FALSE,FALSE,5,518K0101U1006NQS,C006NQS2,2022,1120,1120,5,getScreenData,,