{
    "username": "",
    "password": "",
    "account": "OX1",
    "OITUser": "Yes",
    "entityTypeId": "",
    "WorkAreaName": "",
    "firm": "620X",
    "workareaId": "85",
    "oitGetAPICalls": "FALSE",
    "runBalAdjGet": "FALSE",
    "runBalAdjGetAndPost": "FALSE",
    "runTASCompute": "FALSE",
    "runTASConsol": "FALSE",
    "launchOTW": "TRUE",
    "runFullCompute": "FALSE",
    "putCalls": "FALSE",
    "getScreenData": "FALSE",
    "executeConsol": "FALSE",
    "runFederalEfile": "FALSE",
    "runStateEfile": "FALSE",
    "runEfileErrorCheck": "FALSE",
    "runWebPrint": "FALSE",
    "runAttachEFile": "FALSE",
    "runDiagnostics": "FALSE",
    "isCmEnabled": "FALSE",
    "bulkOperations": "FALSE",
    "efileCount": "5",
    "binderLocatorId": "",
    "locatorId": "",
    "taxYear": "",
    "binderTaxReturnType": "",
    "taxType": "",
    "printCounts": "5",
    "Test": "",
    "Scenario": "",
    "comments": ""
}